1,2000-01-15 09:11:28,8576,Burglary,3045
2,2000-01-24 21:01:09,8312,Arson,3580
3,2000-01-31 05:41:21,8665,Sexual harassment,3238
4,2000-02-05 05:22:59,8375,Arson,3902
5,2000-02-14 15:06:23,8969,Sexual harassment,3522
6,2000-02-16 21:07:47,8447,Robbery,3601
7,2000-02-18 01:57:20,8628,Robbery,3627
8,2000-02-29 22:56:31,8273,Murder,3346
9,2000-03-07 01:25:10,8711,Murder,3881
10,2000-03-14 20:32:06,8190,Murder,3987
11,2000-03-21 06:46:40,8491,Burglary,3089
12,2000-05-01 07:08:41,8991,Burglary,3603
13,2000-05-15 22:02:38,8517,Arson,3469
14,2000-05-17 17:18:08,8888,Sexual harassment,3229
15,2000-05-31 19:48:51,8522,Robbery,3226
16,2000-06-04 13:41:22,8346,Robbery,3352
17,2000-06-20 08:33:15,8492,Burglary,3553
18,2000-06-24 13:36:27,8133,Arson,3495
19,2000-06-25 05:02:13,8446,Arson,3313
20,2000-07-01 04:26:54,8330,Domestic abuse,3868
21,2000-07-04 19:19:49,8161,Sexual harassment,3984
22,2000-07-15 23:32:36,8614,Robbery,3377
23,2000-07-25 01:29:29,8437,Robbery,3546
24,2000-07-31 14:17:07,8903,Robbery,3319
25,2000-08-03 21:55:38,8931,Domestic abuse,3950
26,2000-08-04 10:55:48,8947,Sexual harassment,3783
27,2000-08-07 05:19:36,8307,Burglary,3802
28,2000-08-08 01:59:52,8782,Domestic abuse,3829
29,2000-08-25 01:04:35,8321,Robbery,3064
30,2000-08-30 22:33:19,8562,Murder,3755
31,2000-09-08 18:16:25,8050,Sexual harassment,3423
32,2000-09-09 19:27:27,8634,Domestic abuse,3676
33,2000-09-19 22:08:49,8312,Robbery,3196
34,2000-09-28 02:41:34,8804,Domestic abuse,3319
35,2000-09-29 19:34:18,8049,Burglary,3597
36,2000-09-30 09:48:01,8996,Robbery,3800
37,2000-10-17 05:44:49,8310,Domestic abuse,3666
38,2000-10-24 16:00:31,8075,Burglary,3636
39,2000-11-02 15:37:33,8518,Sexual harassment,3835
40,2000-11-03 15:51:58,8775,Arson,3104
41,2000-11-03 18:42:22,8591,Sexual harassment,3269
42,2000-11-05 21:58:13,8510,Burglary,3419
43,2000-11-10 07:57:23,8556,Robbery,3245
44,2000-11-17 01:13:29,8191,Sexual harassment,3045
45,2000-11-23 22:48:09,8490,Murder,3501
46,2000-12-01 18:37:29,8642,Burglary,3711
47,2000-12-03 17:03:45,8232,Domestic abuse,3439
48,2000-12-05 03:57:28,8047,Burglary,3513
49,2000-12-07 20:55:08,8119,Murder,3761
50,2000-12-10 14:52:42,8252,Arson,3843
51,2000-12-11 19:24:04,8687,Robbery,3464
52,2000-12-23 07:22:56,8642,Sexual harassment,3045
53,2000-12-23 18:06:06,8241,Arson,3818
54,2000-12-29 03:48:15,8419,Arson,3868
55,2000-12-29 20:19:23,8107,Domestic abuse,3797
56,2000-12-31 02:50:33,8428,Murder,3999
57,2001-01-10 08:52:31,8055,Domestic abuse,3085
58,2001-01-10 15:33:45,8052,Sexual harassment,3308
59,2001-01-17 19:13:12,8837,Murder,3154
60,2001-01-30 20:54:58,8994,Murder,3548
61,2001-02-03 03:42:27,8851,Murder,3115
62,2001-03-01 10:53:24,8982,Robbery,3997
63,2001-03-14 13:17:37,8113,Robbery,3431
64,2001-03-22 07:10:03,8622,Sexual harassment,3272
65,2001-03-30 22:14:20,8844,Robbery,3738
66,2001-04-01 10:43:45,8874,Arson,3952
67,2001-04-04 10:31:56,8261,Burglary,3253
68,2001-04-09 01:09:26,8534,Domestic abuse,3554
69,2001-04-11 22:08:52,8043,Burglary,3888
70,2001-04-12 14:17:23,8863,Domestic abuse,3383
71,2001-04-14 23:29:15,8165,Sexual harassment,3952
72,2001-04-20 18:41:56,8033,Domestic abuse,3132
73,2001-05-03 22:23:16,8988,Arson,3317
74,2001-05-06 02:54:27,8482,Robbery,3130
75,2001-05-10 00:20:54,8230,Burglary,3443
76,2001-05-13 19:22:42,8720,Domestic abuse,3905
77,2001-06-05 15:36:20,8339,Burglary,3839
78,2001-06-08 12:55:02,8859,Sexual harassment,3090
79,2001-06-10 14:16:49,8800,Arson,3464
80,2001-06-14 00:56:59,8002,Murder,3946
81,2001-06-17 01:16:02,8908,Sexual harassment,3109
82,2001-06-28 15:53:07,8809,Burglary,3514
83,2001-06-29 15:20:19,8233,Robbery,3936
84,2001-06-30 18:57:16,8205,Arson,3424
85,2001-07-01 09:40:47,8250,Robbery,3511
86,2001-07-11 15:48:28,8605,Sexual harassment,3125
87,2001-07-12 10:14:50,8554,Murder,3793
88,2001-07-20 23:39:38,8313,Burglary,3827
89,2001-07-22 05:59:59,8943,Domestic abuse,3222
90,2001-07-30 00:54:52,8650,Murder,3808
91,2001-08-07 19:39:19,8550,Sexual harassment,3398
92,2001-08-11 16:57:18,8367,Arson,3675
93,2001-08-16 01:37:00,8584,Sexual harassment,3068
94,2001-08-17 23:46:05,8416,Sexual harassment,3746
95,2001-08-25 02:12:09,8060,Sexual harassment,3120
96,2001-08-27 22:03:20,8093,Burglary,3803
97,2001-10-09 13:25:34,8698,Robbery,3893
98,2001-10-11 00:29:27,8942,Domestic abuse,3195
99,2001-11-05 19:06:22,8592,Sexual harassment,3905
100,2001-12-05 02:26:13,8792,Arson,3322
101,2001-12-14 04:52:18,8107,Sexual harassment,3433
102,2001-12-28 10:20:06,8936,Burglary,3433
103,2002-02-11 17:28:09,8159,Robbery,3881
104,2002-03-08 00:38:05,8694,Murder,3553
105,2002-03-10 05:52:30,8837,Burglary,3666
106,2002-03-10 16:48:11,8431,Robbery,3348
107,2002-03-21 04:19:12,8087,Burglary,3589
108,2002-04-03 05:11:13,8696,Domestic abuse,3437
109,2002-04-25 19:27:19,8035,Robbery,3882
110,2002-04-28 17:50:55,8300,Burglary,3752
111,2002-04-29 08:34:07,8011,Robbery,3302
112,2002-05-03 08:02:52,8618,Robbery,3103
113,2002-05-04 23:39:24,8492,Robbery,3469
114,2002-05-11 16:18:37,8050,Arson,3481
115,2002-05-13 16:56:01,8838,Robbery,3920
116,2002-05-15 07:47:30,8062,Burglary,3092
117,2002-05-24 03:47:02,8923,Domestic abuse,3142
118,2002-05-28 17:56:06,8275,Murder,3208
119,2002-05-30 11:12:58,8719,Murder,3182
120,2002-06-03 10:17:14,8216,Robbery,3752
121,2002-06-09 07:09:56,8388,Arson,3999
122,2002-06-12 14:13:36,8387,Arson,3006
123,2002-06-19 11:10:47,8496,Burglary,3362
124,2002-06-23 06:45:49,8169,Burglary,3985
125,2002-06-25 13:16:40,8790,Sexual harassment,3440
126,2002-06-26 07:36:55,8121,Arson,3065
127,2002-07-09 21:45:44,8985,Burglary,3056
128,2002-07-12 06:31:29,8847,Robbery,3163
129,2002-07-23 21:36:35,8072,Murder,3443
130,2002-07-29 11:09:08,8711,Murder,3121
131,2002-08-01 01:30:45,8404,Domestic abuse,3879
132,2002-08-09 09:03:43,8508,Robbery,3256
133,2002-08-17 20:49:42,8512,Murder,3139
134,2002-09-15 05:05:46,8404,Arson,3964
135,2002-09-18 10:47:53,8643,Robbery,3908
136,2002-10-07 17:54:48,8644,Murder,3165
137,2002-10-16 03:24:12,8677,Sexual harassment,3597
138,2002-11-05 20:50:37,8919,Robbery,3103
139,2002-11-07 23:31:53,8389,Murder,3649
140,2002-11-09 09:44:35,8179,Arson,3575
141,2002-11-27 20:41:58,8279,Sexual harassment,3728
142,2003-01-07 22:45:11,8369,Robbery,3012
143,2003-01-12 20:12:46,8990,Robbery,3873
144,2003-01-13 07:43:42,8947,Domestic abuse,3661
145,2003-01-26 16:03:17,8528,Arson,3862
146,2003-03-08 12:48:05,8014,Burglary,3297
147,2003-03-22 19:24:06,8491,Robbery,3367
148,2003-03-24 13:16:21,8295,Arson,3858
149,2003-03-31 22:23:27,8023,Arson,3822
150,2003-04-11 00:37:53,8425,Murder,3759
151,2003-04-18 14:02:15,8848,Arson,3201
152,2003-04-29 09:11:36,8382,Robbery,3346
153,2003-05-20 10:19:49,8609,Arson,3906
154,2003-05-29 14:42:31,8959,Robbery,3850
155,2003-06-02 06:21:58,8352,Sexual harassment,3396
156,2003-06-03 16:24:13,8664,Robbery,3462
157,2003-06-05 06:19:03,8552,Burglary,3876
158,2003-06-10 22:12:14,8931,Burglary,3233
159,2003-07-12 03:21:39,8464,Arson,3351
160,2003-07-17 10:27:11,8809,Murder,3776
161,2003-07-20 23:25:44,8712,Sexual harassment,3673
162,2003-08-02 22:17:12,8475,Arson,3548
163,2003-08-25 22:21:41,8647,Arson,3552
164,2003-09-07 05:18:10,8386,Sexual harassment,3358
165,2003-09-16 18:56:06,8821,Arson,3409
166,2003-09-24 01:39:29,8304,Sexual harassment,3839
167,2003-10-07 18:25:13,8873,Arson,3777
168,2003-10-19 00:52:06,8982,Robbery,3636
169,2003-10-22 06:06:32,8282,Murder,3755
170,2003-11-17 06:59:53,8228,Burglary,3966
171,2003-11-19 12:12:03,8802,Burglary,3548
172,2003-11-22 06:10:59,8856,Arson,3728
173,2003-12-10 14:59:18,8454,Murder,3951
174,2003-12-15 13:53:25,8482,Sexual harassment,3643
175,2004-01-26 23:29:55,8796,Sexual harassment,3378
176,2004-02-02 12:35:31,8985,Robbery,3944
177,2004-02-06 11:13:46,8332,Murder,3778
178,2004-02-25 22:10:14,8084,Domestic abuse,3591
179,2004-03-02 19:35:52,8583,Arson,3175
180,2004-03-17 05:45:33,8281,Domestic abuse,3393
181,2004-03-20 07:21:32,8376,Arson,3726
182,2004-03-23 11:51:36,8178,Robbery,3252
183,2004-03-23 23:38:01,8664,Robbery,3819
184,2004-03-27 04:56:33,8175,Domestic abuse,3292
185,2004-04-19 13:15:32,8946,Domestic abuse,3145
186,2004-04-23 20:38:49,8985,Burglary,3652
187,2004-04-28 17:06:25,8345,Burglary,3555
188,2004-05-04 11:18:36,8827,Murder,3545
189,2004-05-05 18:53:06,8553,Arson,3198
190,2004-05-06 04:50:15,8826,Robbery,3773
191,2004-05-11 06:03:31,8275,Robbery,3759
192,2004-06-01 22:43:38,8600,Murder,3345
193,2004-06-03 04:15:22,8364,Burglary,3825
194,2004-07-12 05:11:10,8464,Arson,3549
195,2004-07-22 15:41:54,8319,Murder,3680
196,2004-07-28 22:11:56,8524,Domestic abuse,3703
197,2004-07-31 05:07:25,8838,Sexual harassment,3415
198,2004-07-31 11:15:38,8905,Murder,3269
199,2004-08-22 01:41:58,8052,Domestic abuse,3286
200,2004-08-29 06:02:44,8334,Arson,3123
201,2004-08-30 18:19:30,8623,Sexual harassment,3176
202,2004-09-15 07:41:16,8140,Sexual harassment,3956
203,2004-09-16 18:26:11,8051,Arson,3505
204,2004-09-21 18:13:35,8014,Arson,3010
205,2004-09-27 15:49:44,8421,Sexual harassment,3286
206,2004-09-28 05:34:38,8040,Robbery,3763
207,2004-09-28 15:57:36,8976,Sexual harassment,3816
208,2004-10-17 10:39:59,8909,Arson,3595
209,2004-10-27 15:49:30,8671,Arson,3427
210,2004-11-03 21:47:06,8878,Robbery,3933
211,2004-11-08 04:51:18,8153,Arson,3051
212,2004-11-27 16:04:10,8829,Sexual harassment,3047
213,2004-12-08 11:14:01,8297,Robbery,3076
214,2004-12-12 19:31:05,8161,Arson,3697
215,2004-12-20 07:41:49,8891,Robbery,3967
216,2004-12-21 10:35:06,8227,Domestic abuse,3053
217,2004-12-21 22:53:27,8430,Murder,3492
218,2004-12-30 07:18:31,8747,Domestic abuse,3963
219,2005-01-13 10:03:34,8236,Robbery,3581
220,2005-02-02 05:18:33,8846,Sexual harassment,3336
221,2005-02-09 05:24:00,8922,Arson,3087
222,2005-02-16 19:27:30,8960,Burglary,3479
223,2005-02-21 20:40:30,8603,Murder,3847
224,2005-03-01 13:05:17,8721,Robbery,3298
225,2005-03-08 14:47:45,8425,Sexual harassment,3242
226,2005-03-17 02:46:31,8740,Arson,3820
227,2005-03-26 04:17:26,8140,Domestic abuse,3233
228,2005-03-30 03:50:49,8879,Burglary,3088
229,2005-05-06 15:37:38,8610,Sexual harassment,3672
230,2005-05-07 19:26:12,8577,Domestic abuse,3536
231,2005-05-14 11:16:35,8456,Murder,3680
232,2005-05-15 19:08:46,8939,Sexual harassment,3339
233,2005-05-28 23:22:44,8764,Domestic abuse,3968
234,2005-06-20 18:03:25,8123,Robbery,3230
235,2005-07-28 04:20:52,8679,Sexual harassment,3305
236,2005-08-01 02:26:01,8216,Sexual harassment,3761
237,2005-08-03 03:55:07,8322,Robbery,3213
238,2005-08-23 10:46:11,8992,Sexual harassment,3444
239,2005-08-24 18:40:01,8508,Robbery,3415
240,2005-09-02 20:51:24,8549,Domestic abuse,3860
241,2005-09-25 18:58:12,8085,Sexual harassment,3989
242,2005-10-11 13:36:07,8254,Murder,3326
243,2005-10-15 18:13:28,8141,Domestic abuse,3913
244,2005-11-24 20:23:18,8846,Robbery,3474
245,2005-11-30 18:18:22,8216,Burglary,3143
246,2005-12-05 18:52:52,8411,Burglary,3558
247,2005-12-08 01:58:07,8289,Robbery,3544
248,2005-12-11 00:34:18,8984,Robbery,3742
249,2005-12-14 16:00:41,8461,Sexual harassment,3741
250,2005-12-23 07:45:21,8365,Arson,3026
251,2005-12-29 06:58:18,8461,Domestic abuse,3556
252,2006-01-17 16:56:25,8020,Arson,3987
253,2006-01-28 23:20:24,8427,Domestic abuse,3666
254,2006-03-03 23:44:54,8351,Arson,3063
255,2006-03-13 18:41:23,8160,Robbery,3955
256,2006-03-14 10:30:16,8072,Burglary,3340
257,2006-03-17 17:30:59,8118,Domestic abuse,3602
258,2006-04-10 20:19:11,8014,Sexual harassment,3623
259,2006-04-12 10:13:27,8518,Robbery,3087
260,2006-04-23 16:15:32,8937,Domestic abuse,3234
261,2006-04-30 07:42:21,8579,Domestic abuse,3675
262,2006-04-30 09:14:26,8963,Murder,3195
263,2006-05-07 03:04:42,8003,Domestic abuse,3304
264,2006-05-17 12:13:55,8611,Murder,3117
265,2006-05-17 19:57:39,8830,Sexual harassment,3708
266,2006-05-18 19:57:50,8087,Domestic abuse,3125
267,2006-05-29 21:05:04,8789,Sexual harassment,3779
268,2006-05-30 17:50:36,8251,Domestic abuse,3416
269,2006-06-11 23:59:39,8506,Domestic abuse,3959
270,2006-06-29 01:24:02,8317,Sexual harassment,3847
271,2006-07-02 21:36:23,8233,Domestic abuse,3627
272,2006-07-14 18:57:28,8636,Murder,3765
273,2006-08-06 08:13:18,8861,Domestic abuse,3140
274,2006-08-11 01:25:09,8092,Arson,3727
275,2006-08-12 17:14:51,8356,Arson,3998
276,2006-08-19 09:56:19,8337,Murder,3837
277,2006-09-13 14:14:56,8582,Robbery,3398
278,2006-09-15 04:30:14,8826,Arson,3043
279,2006-09-18 09:07:42,8868,Burglary,3273
280,2006-09-26 05:20:16,8244,Murder,3773
281,2006-09-30 05:25:15,8240,Sexual harassment,3812
282,2006-10-17 02:06:36,8060,Arson,3636
283,2006-10-21 15:49:38,8861,Robbery,3158
284,2006-10-28 09:42:51,8484,Burglary,3831
285,2006-10-28 18:55:07,8065,Arson,3011
286,2006-10-31 09:38:30,8721,Burglary,3182
287,2006-11-01 02:27:24,8434,Burglary,3549
288,2006-11-10 11:15:05,8056,Domestic abuse,3529
289,2006-11-25 19:03:33,8758,Murder,3780
290,2007-01-31 06:35:34,8965,Arson,3361
291,2007-02-04 21:01:00,8177,Arson,3317
292,2007-02-26 15:09:34,8945,Robbery,3104
293,2007-03-02 07:40:19,8979,Robbery,3231
294,2007-03-07 00:23:18,8326,Burglary,3167
295,2007-03-21 13:17:06,8697,Murder,3909
296,2007-03-23 16:58:37,8959,Sexual harassment,3370
297,2007-04-07 21:58:14,8391,Murder,3626
298,2007-04-17 05:27:01,8826,Sexual harassment,3481
299,2007-04-18 11:02:16,8394,Arson,3679
300,2007-04-22 13:19:30,8183,Murder,3410
301,2007-04-26 21:26:07,8889,Burglary,3477
302,2007-04-29 03:14:01,8702,Murder,3410
303,2007-05-04 15:12:56,8502,Burglary,3288
304,2007-05-10 15:35:44,8845,Murder,3580
305,2007-05-12 16:09:53,8381,Murder,3492
306,2007-05-14 08:27:48,8013,Domestic abuse,3623
307,2007-05-18 08:19:58,8193,Robbery,3775
308,2007-06-01 00:57:17,8545,Murder,3712
309,2007-06-06 21:03:19,8801,Murder,3289
310,2007-06-07 06:55:05,8315,Sexual harassment,3467
311,2007-06-12 04:20:48,8371,Sexual harassment,3975
312,2007-06-20 14:24:03,8996,Arson,3520
313,2007-06-26 21:23:28,8630,Burglary,3580
314,2007-07-26 18:37:58,8870,Domestic abuse,3978
315,2007-08-04 09:04:03,8802,Burglary,3836
316,2007-08-05 04:46:51,8496,Domestic abuse,3840
317,2007-08-10 06:09:50,8155,Arson,3288
318,2007-08-19 04:41:35,8217,Sexual harassment,3544
319,2007-09-04 05:47:39,8488,Murder,3072
320,2007-09-05 20:45:47,8969,Burglary,3919
321,2007-09-06 20:12:23,8185,Murder,3131
322,2007-09-10 15:16:36,8278,Burglary,3919
323,2007-09-12 22:08:07,8231,Arson,3021
324,2007-09-14 13:52:47,8970,Robbery,3527
325,2007-10-03 21:14:21,8667,Sexual harassment,3036
326,2007-10-08 07:29:58,8547,Robbery,3360
327,2007-10-08 16:11:24,8398,Arson,3172
328,2007-10-10 21:47:01,8543,Domestic abuse,3935
329,2007-10-21 18:39:31,8830,Sexual harassment,3224
330,2007-11-12 21:10:47,8642,Domestic abuse,3054
331,2007-11-19 10:48:40,8799,Burglary,3614
332,2007-11-30 17:04:05,8727,Domestic abuse,3988
333,2007-12-06 23:34:14,8102,Sexual harassment,3328
334,2007-12-19 21:27:23,8973,Robbery,3001
335,2007-12-21 05:24:12,8557,Robbery,3521
336,2008-01-07 17:42:48,8486,Sexual harassment,3948
337,2008-01-08 11:15:05,8814,Domestic abuse,3919
338,2008-01-11 17:35:28,8054,Domestic abuse,3725
339,2008-01-16 15:23:00,8171,Arson,3083
340,2008-01-19 09:36:10,8582,Arson,3360
341,2008-01-29 05:12:24,8009,Burglary,3273
342,2008-02-02 08:49:26,8415,Robbery,3550
343,2008-02-11 03:43:22,8037,Robbery,3586
344,2008-02-13 07:49:09,8768,Burglary,3637
345,2008-03-01 02:25:51,8005,Murder,3654
346,2008-03-14 19:26:44,8655,Robbery,3833
347,2008-03-15 09:54:51,8017,Murder,3739
348,2008-03-22 03:10:30,8733,Sexual harassment,3703
349,2008-03-24 02:03:15,8773,Sexual harassment,3511
350,2008-03-26 22:13:09,8514,Arson,3313
351,2008-04-07 02:53:05,8359,Sexual harassment,3440
352,2008-04-09 13:13:38,8871,Burglary,3735
353,2008-04-12 08:45:15,8024,Robbery,3170
354,2008-04-13 04:41:24,8303,Murder,3628
355,2008-04-21 02:18:15,8451,Domestic abuse,3191
356,2008-05-09 11:22:54,8629,Burglary,3314
357,2008-05-17 00:33:07,8416,Domestic abuse,3206
358,2008-05-27 23:28:25,8552,Robbery,3384
359,2008-06-06 03:14:08,8533,Sexual harassment,3352
360,2008-06-08 20:17:57,8403,Domestic abuse,3084
361,2008-06-09 02:47:12,8274,Robbery,3352
362,2008-06-14 15:09:48,8008,Domestic abuse,3616
363,2008-06-18 17:07:44,8240,Robbery,3973
364,2008-06-28 23:07:36,8710,Burglary,3983
365,2008-07-04 08:08:04,8385,Burglary,3363
366,2008-07-07 10:55:58,8415,Burglary,3833
367,2008-07-08 22:43:36,8863,Robbery,3124
368,2008-07-10 12:33:00,8731,Burglary,3788
369,2008-07-12 15:08:10,8309,Arson,3133
370,2008-07-17 01:54:52,8667,Arson,3650
371,2008-07-30 03:38:11,8249,Murder,3535
372,2008-08-02 16:46:12,8302,Arson,3514
373,2008-08-26 06:27:05,8488,Domestic abuse,3277
374,2008-09-07 13:05:31,8997,Burglary,3584
375,2008-09-16 12:30:00,8748,Robbery,3200
376,2008-09-18 07:53:36,8147,Arson,3547
377,2008-09-24 03:19:07,8513,Arson,3553
378,2008-10-02 19:56:49,8589,Arson,3772
379,2008-10-07 19:23:12,8667,Arson,3400
380,2008-10-11 19:23:59,8853,Robbery,3785
381,2008-10-17 18:13:21,8306,Arson,3292
382,2008-11-07 14:09:17,8033,Burglary,3054
383,2008-12-05 16:59:26,8417,Domestic abuse,3868
384,2008-12-10 04:14:42,8497,Murder,3972
385,2008-12-19 01:56:57,8237,Arson,3180
386,2008-12-19 10:14:47,8285,Domestic abuse,3715
387,2008-12-20 00:24:12,8355,Robbery,3168
388,2008-12-20 09:43:37,8812,Sexual harassment,3656
389,2008-12-22 08:21:57,8683,Sexual harassment,3549
390,2008-12-25 17:18:52,8493,Sexual harassment,3177
391,2008-12-27 20:59:21,8099,Arson,3253
392,2009-01-13 14:23:03,8396,Sexual harassment,3689
393,2009-01-13 21:24:56,8681,Burglary,3234
394,2009-01-16 20:23:52,8068,Arson,3282
395,2009-01-23 17:24:50,8859,Burglary,3506
396,2009-01-28 18:41:59,8307,Robbery,3330
397,2009-02-08 14:44:57,8924,Murder,3887
398,2009-02-14 07:05:47,8552,Sexual harassment,3652
399,2009-03-02 12:10:36,8992,Burglary,3098
400,2009-03-08 17:04:21,8385,Robbery,3087
401,2009-03-09 15:10:39,8101,Robbery,3758
402,2009-03-24 05:17:32,8347,Robbery,3716
403,2009-04-11 18:23:42,8338,Sexual harassment,3432
404,2009-04-25 17:49:24,8132,Domestic abuse,3881
405,2009-05-19 06:57:48,8553,Robbery,3516
406,2009-07-06 07:02:24,8974,Murder,3240
407,2009-07-11 19:34:24,8478,Murder,3858
408,2009-08-05 08:50:58,8091,Sexual harassment,3349
409,2009-08-27 14:37:52,8789,Burglary,3926
410,2009-09-09 01:13:31,8792,Robbery,3843
411,2009-09-09 11:42:47,8452,Murder,3793
412,2009-09-22 18:02:42,8081,Sexual harassment,3042
413,2009-09-28 02:12:36,8210,Burglary,3328
414,2009-10-03 22:01:06,8625,Robbery,3363
415,2009-10-09 04:48:17,8784,Domestic abuse,3181
416,2009-10-12 22:59:03,8964,Burglary,3495
417,2009-10-16 02:51:23,8371,Sexual harassment,3804
418,2009-10-27 03:34:18,8873,Murder,3217
419,2009-10-31 14:49:01,8587,Domestic abuse,3129
420,2009-11-03 05:14:05,8561,Sexual harassment,3487
421,2009-11-03 20:43:57,8549,Arson,3835
422,2009-11-04 20:06:55,8218,Arson,3381
423,2009-11-07 16:45:41,8028,Domestic abuse,3009
424,2009-11-12 02:51:41,8766,Murder,3167
425,2009-11-16 06:02:37,8315,Domestic abuse,3338
426,2009-11-22 21:44:53,8433,Arson,3663
427,2009-12-11 13:11:59,8705,Burglary,3762
428,2009-12-13 16:44:05,8057,Robbery,3150
429,2009-12-15 20:35:36,8045,Robbery,3581
430,2009-12-17 18:38:47,8645,Arson,3299
431,2009-12-24 22:34:34,8204,Domestic abuse,3615
432,2010-01-05 04:15:53,8206,Sexual harassment,3949
433,2010-01-07 05:10:21,8638,Murder,3939
434,2010-01-10 15:36:51,8537,Domestic abuse,3091
435,2010-01-28 06:08:26,8774,Arson,3863
436,2010-01-30 09:12:13,8145,Burglary,3034
437,2010-02-06 19:17:09,8145,Burglary,3968
438,2010-02-13 03:34:55,8050,Burglary,3001
439,2010-02-17 14:52:45,8422,Burglary,3093
440,2010-03-03 05:45:26,8683,Burglary,3716
441,2010-03-09 01:11:22,8477,Burglary,3068
442,2010-04-30 02:09:54,8121,Burglary,3342
443,2010-05-19 16:26:34,8621,Murder,3170
444,2010-05-21 06:01:13,8583,Burglary,3214
445,2010-06-13 15:23:04,8048,Robbery,3910
446,2010-06-18 20:03:57,8415,Sexual harassment,3150
447,2010-06-25 11:24:55,8780,Sexual harassment,3415
448,2010-06-27 21:08:52,8185,Murder,3985
449,2010-07-05 13:34:54,8262,Domestic abuse,3909
450,2010-07-10 13:22:49,8119,Robbery,3920
451,2010-07-22 02:12:29,8709,Murder,3663
452,2010-07-29 14:12:15,8401,Domestic abuse,3405
453,2010-08-06 12:05:57,8772,Robbery,3753
454,2010-08-08 23:58:49,8129,Arson,3188
455,2010-08-09 01:00:05,8855,Domestic abuse,3808
456,2010-09-09 15:32:58,8056,Murder,3295
457,2010-10-01 06:54:51,8952,Domestic abuse,3197
458,2010-10-14 06:01:51,8784,Domestic abuse,3909
459,2010-10-28 07:29:46,8430,Robbery,3013
460,2010-10-31 01:57:20,8102,Arson,3798
461,2010-11-15 16:10:21,8070,Arson,3717
462,2010-11-28 19:48:09,8966,Domestic abuse,3965
463,2010-11-29 16:01:28,8804,Sexual harassment,3358
464,2010-12-01 09:42:11,8092,Sexual harassment,3848
465,2010-12-08 04:36:10,8149,Burglary,3354
466,2010-12-12 13:54:00,8903,Burglary,3714
467,2010-12-15 09:00:09,8477,Sexual harassment,3520
468,2010-12-20 05:37:56,8836,Murder,3515
469,2011-01-09 15:48:55,8365,Arson,3299
470,2011-01-12 00:49:37,8287,Burglary,3989
471,2011-02-03 08:07:52,8013,Robbery,3694
472,2011-02-08 13:04:06,8808,Robbery,3471
473,2011-02-23 18:02:12,8268,Arson,3437
474,2011-03-17 15:58:42,8332,Arson,3769
475,2011-03-24 09:43:42,8176,Arson,3553
476,2011-03-25 12:00:35,8796,Sexual harassment,3067
477,2011-03-26 10:19:47,8331,Murder,3611
478,2011-03-26 18:34:37,8398,Sexual harassment,3429
479,2011-03-28 18:05:56,8379,Robbery,3629
480,2011-03-31 04:50:53,8189,Sexual harassment,3076
481,2011-04-05 19:34:01,8577,Murder,3250
482,2011-04-07 00:41:58,8255,Arson,3108
483,2011-04-28 13:30:58,8665,Arson,3988
484,2011-05-02 18:12:44,8868,Arson,3040
485,2011-05-09 08:21:50,8203,Sexual harassment,3247
486,2011-05-18 19:40:26,8513,Domestic abuse,3176
487,2011-06-04 08:41:27,8313,Robbery,3307
488,2011-06-05 20:22:21,8196,Sexual harassment,3976
489,2011-06-09 08:33:08,8199,Burglary,3892
490,2011-06-14 06:11:38,8772,Domestic abuse,3835
491,2011-06-23 01:15:23,8338,Robbery,3225
492,2011-07-09 06:56:53,8623,Robbery,3817
493,2011-07-13 17:39:14,8287,Arson,3833
494,2011-07-17 16:11:03,8221,Sexual harassment,3710
495,2011-07-25 09:18:39,8187,Murder,3969
496,2011-07-30 18:18:08,8674,Robbery,3480
497,2011-08-03 07:06:22,8896,Murder,3367
498,2011-08-08 12:49:55,8271,Sexual harassment,3168
499,2011-08-28 01:24:44,8175,Domestic abuse,3706
500,2011-09-09 01:32:08,8426,Burglary,3052
501,2011-09-12 03:43:59,8053,Domestic abuse,3349
502,2011-09-21 13:38:22,8039,Domestic abuse,3057
503,2011-09-22 07:09:19,8797,Robbery,3855
504,2011-09-27 11:51:22,8777,Sexual harassment,3361
505,2011-09-27 23:25:25,8904,Domestic abuse,3332
506,2011-09-30 07:37:48,8952,Burglary,3734
507,2011-10-06 06:19:42,8967,Robbery,3268
508,2011-10-27 09:57:08,8053,Domestic abuse,3854
509,2011-11-01 09:55:49,8498,Sexual harassment,3259
510,2011-11-08 16:41:40,8040,Domestic abuse,3271
511,2011-11-21 15:37:08,8605,Sexual harassment,3701
512,2011-11-24 09:58:08,8143,Burglary,3075
513,2011-12-01 13:17:39,8479,Burglary,3547
514,2011-12-05 02:31:37,8057,Burglary,3601
515,2011-12-08 15:29:08,8492,Robbery,3230
516,2011-12-14 17:50:08,8827,Domestic abuse,3403
517,2011-12-17 21:25:18,8918,Sexual harassment,3086
518,2011-12-19 01:16:09,8011,Sexual harassment,3069
519,2012-01-07 18:12:33,8998,Murder,3514
520,2012-01-26 02:51:08,8639,Murder,3655
521,2012-02-03 07:46:04,8582,Burglary,3890
522,2012-02-09 12:03:54,8508,Domestic abuse,3639
523,2012-02-21 17:51:43,8602,Domestic abuse,3843
524,2012-02-23 03:36:19,8397,Arson,3010
525,2012-02-24 11:32:00,8020,Sexual harassment,3418
526,2012-02-25 02:57:53,8262,Robbery,3510
527,2012-03-15 23:30:19,8555,Robbery,3184
528,2012-03-28 03:56:12,8466,Sexual harassment,3364
529,2012-04-01 15:01:22,8364,Arson,3318
530,2012-04-08 23:37:48,8980,Sexual harassment,3584
531,2012-06-01 00:15:20,8894,Murder,3812
532,2012-06-08 01:01:56,8751,Sexual harassment,3511
533,2012-06-12 07:19:15,8824,Robbery,3787
534,2012-06-12 13:54:21,8313,Robbery,3006
535,2012-06-25 15:29:27,8073,Sexual harassment,3851
536,2012-07-14 12:50:35,8672,Robbery,3718
537,2012-07-22 16:10:20,8508,Domestic abuse,3694
538,2012-08-20 17:06:48,8047,Domestic abuse,3861
539,2012-08-20 17:39:03,8150,Arson,3026
540,2012-09-08 21:44:46,8668,Arson,3751
541,2012-09-25 18:17:14,8658,Arson,3973
542,2012-10-01 12:24:50,8438,Arson,3031
543,2012-10-02 16:55:11,8220,Murder,3988
544,2012-10-03 07:49:56,8792,Domestic abuse,3106
545,2012-10-12 01:20:37,8437,Burglary,3657
546,2012-10-20 00:11:44,8429,Burglary,3543
547,2012-11-23 12:04:58,8084,Sexual harassment,3615
548,2012-11-29 22:55:40,8975,Sexual harassment,3676
549,2012-12-02 15:03:15,8903,Sexual harassment,3071
550,2012-12-05 09:20:54,8714,Sexual harassment,3832
551,2012-12-09 20:43:13,8853,Burglary,3841
552,2012-12-30 23:06:45,8536,Arson,3572
553,2012-12-31 16:07:11,8004,Murder,3805
554,2013-01-21 13:09:11,8182,Domestic abuse,3027
555,2013-02-05 02:59:04,8656,Domestic abuse,3606
556,2013-02-18 05:33:57,8885,Burglary,3413
557,2013-02-21 00:27:54,8585,Domestic abuse,3504
558,2013-02-22 11:02:16,8672,Murder,3783
559,2013-03-21 21:37:11,8321,Burglary,3215
560,2013-04-08 18:09:37,8499,Arson,3169
561,2013-04-13 16:24:25,8775,Arson,3922
562,2013-04-16 23:22:49,8609,Domestic abuse,3413
563,2013-05-08 14:25:04,8748,Sexual harassment,3209
564,2013-05-11 04:30:01,8151,Sexual harassment,3360
565,2013-05-21 02:25:20,8652,Burglary,3753
566,2013-06-08 00:54:37,8956,Arson,3288
567,2013-06-08 03:10:51,8628,Sexual harassment,3876
568,2013-06-17 04:36:37,8610,Burglary,3290
569,2013-06-17 17:46:19,8657,Sexual harassment,3655
570,2013-06-21 07:46:58,8510,Arson,3450
571,2013-06-24 06:55:58,8564,Domestic abuse,3481
572,2013-07-07 13:59:26,8661,Murder,3840
573,2013-07-16 11:58:03,8902,Domestic abuse,3520
574,2013-07-16 18:41:37,8542,Murder,3771
575,2013-07-19 12:59:28,8350,Robbery,3878
576,2013-07-19 23:18:44,8528,Domestic abuse,3376
577,2013-07-20 19:53:01,8939,Arson,3517
578,2013-07-22 10:32:56,8658,Burglary,3714
579,2013-07-29 21:16:04,8606,Robbery,3290
580,2013-07-29 23:23:45,8819,Burglary,3056
581,2013-08-24 12:01:28,8636,Domestic abuse,3395
582,2013-09-20 23:21:10,8298,Murder,3541
583,2013-09-21 20:48:22,8019,Sexual harassment,3337
584,2013-10-03 17:05:33,8308,Murder,3831
585,2013-10-16 17:58:37,8238,Domestic abuse,3102
586,2013-10-20 02:07:55,8934,Murder,3176
587,2013-10-22 22:36:44,8703,Robbery,3474
588,2013-10-24 13:00:13,8646,Murder,3914
589,2013-10-25 22:00:16,8689,Burglary,3547
590,2013-11-06 05:54:20,8271,Burglary,3271
591,2013-11-10 16:39:22,8768,Arson,3105
592,2013-11-24 05:44:58,8141,Burglary,3358
593,2013-12-23 08:51:59,8261,Burglary,3580
594,2013-12-23 16:07:39,8837,Sexual harassment,3358
595,2013-12-30 04:30:49,8981,Murder,3798
596,2014-01-04 05:29:27,8585,Robbery,3333
597,2014-01-23 18:17:41,8736,Robbery,3061
598,2014-01-31 17:04:29,8879,Sexual harassment,3635
599,2014-02-04 22:56:11,8714,Domestic abuse,3851
600,2014-02-15 22:04:00,8704,Burglary,3044
601,2014-02-23 08:16:03,8973,Murder,3433
602,2014-02-24 03:15:25,8745,Arson,3418
603,2014-03-04 10:05:07,8286,Arson,3894
604,2014-03-08 17:56:33,8432,Burglary,3263
605,2014-03-09 18:16:35,8015,Arson,3814
606,2014-03-13 04:18:28,8564,Domestic abuse,3509
607,2014-03-19 21:14:08,8559,Arson,3472
608,2014-03-23 14:40:22,8557,Murder,3000
609,2014-04-01 17:27:32,8280,Sexual harassment,3815
610,2014-04-05 20:16:54,8683,Sexual harassment,3327
611,2014-04-24 22:52:04,8651,Sexual harassment,3670
612,2014-05-06 19:48:50,8591,Murder,3482
613,2014-05-14 10:46:31,8414,Murder,3168
614,2014-05-20 03:37:31,8772,Domestic abuse,3693
615,2014-05-23 18:23:39,8876,Arson,3397
616,2014-05-31 00:48:13,8012,Burglary,3937
617,2014-05-31 09:23:07,8758,Sexual harassment,3527
618,2014-06-25 09:59:39,8253,Robbery,3480
619,2014-07-17 04:52:57,8894,Murder,3307
620,2014-07-23 14:57:29,8558,Robbery,3410
621,2014-08-27 03:33:04,8663,Sexual harassment,3193
622,2014-09-04 15:08:25,8768,Murder,3128
623,2014-09-12 10:23:00,8780,Robbery,3999
624,2014-09-13 15:42:45,8965,Burglary,3493
625,2014-09-19 12:59:18,8904,Domestic abuse,3784
626,2014-09-21 08:15:53,8061,Arson,3242
627,2014-09-24 19:30:37,8221,Sexual harassment,3669
628,2014-09-29 21:43:00,8103,Domestic abuse,3102
629,2014-10-01 07:02:52,8350,Arson,3347
630,2014-10-07 01:35:58,8184,Domestic abuse,3857
631,2014-10-09 22:18:02,8361,Murder,3130
632,2014-10-17 22:33:24,8037,Murder,3696
633,2014-10-27 04:37:18,8473,Murder,3050
634,2014-11-04 01:36:42,8456,Arson,3862
635,2014-11-08 19:23:26,8014,Sexual harassment,3783
636,2014-11-14 05:21:47,8475,Sexual harassment,3795
637,2014-11-18 13:09:59,8531,Domestic abuse,3760
638,2014-11-21 07:11:11,8640,Arson,3828
639,2014-11-25 08:15:06,8900,Murder,3233
640,2014-12-03 21:49:13,8125,Sexual harassment,3118
641,2014-12-08 08:52:28,8000,Arson,3512
642,2014-12-11 05:26:13,8475,Murder,3372
643,2014-12-23 19:00:45,8443,Arson,3860
644,2014-12-31 17:40:07,8330,Robbery,3168
645,2015-01-03 18:17:57,8634,Sexual harassment,3339
646,2015-01-12 11:20:48,8602,Robbery,3305
647,2015-01-19 13:45:17,8498,Sexual harassment,3283
648,2015-01-28 15:33:30,8639,Domestic abuse,3292
649,2015-02-05 19:23:35,8761,Burglary,3963
650,2015-02-10 01:46:45,8824,Robbery,3473
651,2015-02-11 20:16:17,8878,Murder,3167
652,2015-02-13 10:18:46,8049,Domestic abuse,3157
653,2015-02-16 13:08:50,8027,Sexual harassment,3146
654,2015-02-17 04:48:20,8159,Domestic abuse,3630
655,2015-02-26 17:01:45,8660,Sexual harassment,3533
656,2015-03-02 07:33:42,8666,Sexual harassment,3812
657,2015-03-03 17:03:59,8053,Robbery,3422
658,2015-03-05 14:49:34,8378,Murder,3006
659,2015-03-10 15:07:17,8204,Burglary,3440
660,2015-03-23 09:20:34,8565,Arson,3458
661,2015-03-23 19:03:50,8282,Sexual harassment,3118
662,2015-05-01 17:16:34,8958,Domestic abuse,3161
663,2015-05-03 05:58:26,8759,Arson,3032
664,2015-05-07 05:16:59,8403,Domestic abuse,3670
665,2015-05-07 21:36:59,8499,Domestic abuse,3596
666,2015-06-05 09:21:22,8316,Burglary,3909
667,2015-06-10 16:47:34,8485,Burglary,3367
668,2015-06-18 07:16:03,8131,Burglary,3704
669,2015-06-20 07:24:04,8769,Murder,3468
670,2015-07-01 22:02:53,8154,Murder,3258
671,2015-07-15 02:28:55,8978,Domestic abuse,3487
672,2015-07-15 23:57:54,8786,Murder,3921
673,2015-07-18 13:40:18,8158,Domestic abuse,3255
674,2015-07-29 09:48:05,8088,Robbery,3901
675,2015-07-30 17:15:31,8751,Arson,3333
676,2015-08-09 14:02:19,8298,Arson,3206
677,2015-08-23 13:55:47,8107,Arson,3912
678,2015-09-01 12:38:35,8917,Murder,3607
679,2015-09-02 20:05:25,8546,Murder,3660
680,2015-09-09 03:42:02,8996,Murder,3251
681,2015-09-17 07:20:45,8368,Burglary,3672
682,2015-09-21 01:37:03,8567,Robbery,3206
683,2015-10-18 18:21:23,8642,Murder,3859
684,2015-11-08 19:03:45,8607,Domestic abuse,3481
685,2015-11-17 05:55:27,8602,Burglary,3468
686,2015-11-27 21:26:38,8701,Robbery,3421
687,2015-11-27 22:17:33,8842,Murder,3558
688,2015-12-08 19:07:09,8445,Burglary,3110
689,2015-12-10 22:35:43,8427,Sexual harassment,3817
690,2015-12-17 05:54:46,8486,Robbery,3021
691,2015-12-19 03:01:08,8105,Domestic abuse,3482
692,2015-12-21 17:06:20,8854,Burglary,3722
693,2016-01-01 11:46:22,8362,Arson,3211
694,2016-01-10 10:16:48,8040,Domestic abuse,3712
695,2016-01-16 07:45:15,8762,Arson,3518
696,2016-01-21 06:57:34,8755,Burglary,3773
697,2016-01-23 13:01:07,8530,Burglary,3141
698,2016-01-28 13:09:44,8542,Arson,3758
699,2016-01-30 06:15:24,8938,Murder,3906
700,2016-02-01 18:52:14,8760,Robbery,3601
701,2016-02-23 06:55:43,8568,Domestic abuse,3834
702,2016-02-24 12:09:57,8136,Domestic abuse,3888
703,2016-03-05 20:20:34,8277,Sexual harassment,3206
704,2016-03-06 22:30:43,8553,Murder,3301
705,2016-03-12 17:06:58,8596,Sexual harassment,3995
706,2016-03-21 08:55:11,8750,Robbery,3132
707,2016-03-23 11:34:12,8669,Murder,3630
708,2016-03-23 22:52:53,8513,Murder,3810
709,2016-03-27 07:28:05,8635,Arson,3698
710,2016-03-30 13:37:40,8453,Sexual harassment,3788
711,2016-04-06 23:24:45,8176,Burglary,3957
712,2016-05-04 10:01:26,8394,Sexual harassment,3610
713,2016-05-06 11:09:02,8756,Burglary,3199
714,2016-05-12 19:18:25,8894,Domestic abuse,3564
715,2016-05-14 17:08:36,8795,Robbery,3698
716,2016-05-21 00:01:19,8225,Domestic abuse,3750
717,2016-05-31 18:47:16,8499,Robbery,3855
718,2016-06-11 10:02:05,8067,Burglary,3974
719,2016-06-16 22:40:35,8893,Robbery,3082
720,2016-06-29 17:14:24,8772,Domestic abuse,3071
721,2016-07-03 13:08:19,8276,Domestic abuse,3891
722,2016-07-23 03:05:31,8788,Arson,3155
723,2016-07-24 22:56:55,8115,Domestic abuse,3911
724,2016-07-25 02:45:12,8135,Robbery,3770
725,2016-08-08 21:55:05,8101,Murder,3551
726,2016-08-23 15:36:53,8850,Arson,3930
727,2016-09-20 06:25:10,8106,Sexual harassment,3417
728,2016-11-01 23:06:53,8910,Domestic abuse,3147
729,2016-11-03 13:27:14,8554,Sexual harassment,3420
730,2016-12-25 07:59:03,8872,Murder,3331
731,2016-12-28 21:39:46,8380,Arson,3831
732,2016-12-31 10:03:25,8677,Arson,3704
733,2017-01-13 12:23:16,8447,Robbery,3618
734,2017-01-17 20:15:32,8874,Domestic abuse,3787
735,2017-01-24 02:45:33,8765,Burglary,3900
736,2017-01-25 14:04:26,8680,Domestic abuse,3625
737,2017-02-05 01:48:04,8929,Murder,3876
738,2017-02-05 10:18:23,8216,Murder,3477
739,2017-02-13 11:27:11,8449,Robbery,3513
740,2017-02-27 12:41:36,8642,Robbery,3673
741,2017-03-01 07:13:23,8536,Robbery,3834
742,2017-03-14 12:06:27,8690,Robbery,3859
743,2017-04-27 06:31:21,8914,Robbery,3500
744,2017-04-28 19:20:00,8721,Murder,3767
745,2017-05-19 19:32:47,8792,Sexual harassment,3924
746,2017-05-22 15:08:27,8733,Burglary,3014
747,2017-06-01 02:13:08,8621,Domestic abuse,3686
748,2017-06-17 04:40:32,8851,Robbery,3396
749,2017-06-25 12:52:02,8448,Arson,3592
750,2017-07-01 11:04:21,8969,Murder,3641
751,2017-07-22 00:06:26,8375,Arson,3653
752,2017-08-07 03:59:34,8434,Sexual harassment,3459
753,2017-08-12 14:15:41,8768,Murder,3677
754,2017-08-19 21:04:04,8169,Domestic abuse,3372
755,2017-09-01 08:20:53,8271,Murder,3811
756,2017-09-16 18:46:09,8157,Arson,3619
757,2017-09-18 00:24:50,8761,Burglary,3098
758,2017-09-18 15:34:08,8137,Domestic abuse,3850
759,2017-09-20 17:17:31,8573,Domestic abuse,3298
760,2017-10-08 03:34:54,8145,Robbery,3982
761,2017-10-11 04:28:27,8207,Sexual harassment,3631
762,2017-10-24 09:37:10,8522,Arson,3536
763,2017-11-16 00:11:49,8272,Arson,3111
764,2017-11-20 20:42:52,8019,Domestic abuse,3562
765,2017-12-08 02:52:24,8361,Domestic abuse,3485
766,2017-12-12 04:02:24,8482,Murder,3452
767,2017-12-15 20:09:12,8243,Murder,3403
768,2018-01-15 15:14:14,8254,Domestic abuse,3062
769,2018-01-17 01:33:31,8604,Sexual harassment,3397
770,2018-02-03 04:27:10,8782,Sexual harassment,3325
771,2018-02-14 20:36:31,8622,Murder,3234
772,2018-02-14 20:45:42,8796,Sexual harassment,3227
773,2018-02-22 05:15:19,8259,Arson,3724
774,2018-02-22 13:24:19,8878,Robbery,3536
775,2018-02-24 13:20:54,8854,Arson,3528
776,2018-02-24 17:58:24,8400,Burglary,3805
777,2018-03-25 03:05:01,8289,Burglary,3647
778,2018-03-26 12:18:58,8329,Murder,3964
779,2018-03-31 15:32:04,8897,Domestic abuse,3797
780,2018-04-20 10:49:12,8088,Burglary,3028
781,2018-04-29 17:52:23,8759,Domestic abuse,3186
782,2018-05-23 13:31:42,8134,Murder,3208
783,2018-06-19 05:58:43,8833,Sexual harassment,3273
784,2018-07-06 13:24:56,8449,Burglary,3420
785,2018-07-07 01:54:27,8785,Sexual harassment,3064
786,2018-07-08 13:27:19,8310,Robbery,3703
787,2018-08-13 19:06:52,8504,Murder,3161
788,2018-08-13 21:03:50,8832,Arson,3333
789,2018-08-24 16:43:19,8689,Sexual harassment,3708
790,2018-08-27 13:16:26,8574,Arson,3092
791,2018-09-26 20:03:13,8610,Robbery,3925
792,2018-10-03 20:13:50,8762,Burglary,3206
793,2018-10-08 20:53:00,8693,Burglary,3297
794,2018-10-12 03:54:37,8166,Murder,3650
795,2018-10-22 06:06:43,8436,Sexual harassment,3557
796,2018-10-28 17:10:25,8759,Arson,3252
797,2018-10-31 00:00:41,8764,Arson,3055
798,2018-11-02 16:21:20,8062,Burglary,3167
799,2018-11-20 19:05:29,8359,Murder,3561
800,2018-11-29 01:59:14,8593,Murder,3004
801,2018-11-30 09:42:09,8392,Burglary,3329
802,2018-12-10 06:36:49,8921,Arson,3640
803,2018-12-13 06:41:39,8442,Robbery,3841
804,2018-12-23 10:59:07,8750,Domestic abuse,3069
805,2018-12-26 00:02:50,8698,Burglary,3429
806,2018-12-26 11:47:10,8031,Robbery,3199
807,2019-01-02 04:24:48,8337,Robbery,3937
808,2019-01-13 02:14:07,8646,Robbery,3603
809,2019-01-19 12:07:31,8066,Murder,3113
810,2019-02-07 14:17:28,8416,Sexual harassment,3382
811,2019-02-12 20:44:53,8542,Murder,3428
812,2019-02-16 15:02:29,8967,Murder,3911
813,2019-02-20 17:31:26,8363,Domestic abuse,3533
814,2019-02-25 10:40:50,8017,Sexual harassment,3635
815,2019-03-24 14:26:40,8300,Robbery,3744
816,2019-03-29 11:34:09,8812,Arson,3654
817,2019-04-09 16:16:54,8536,Burglary,3547
818,2019-04-18 07:31:22,8319,Arson,3771
819,2019-04-23 16:11:09,8919,Domestic abuse,3693
820,2019-04-23 22:17:41,8896,Burglary,3159
821,2019-05-09 09:58:47,8896,Arson,3317
822,2019-05-11 02:00:19,8004,Arson,3374
823,2019-05-20 11:02:47,8745,Domestic abuse,3211
824,2019-05-28 09:15:14,8868,Domestic abuse,3327
825,2019-05-30 07:26:53,8857,Domestic abuse,3018
826,2019-05-30 08:47:13,8748,Sexual harassment,3004
827,2019-06-07 17:56:46,8999,Domestic abuse,3100
828,2019-06-12 05:10:00,8871,Robbery,3757
829,2019-06-14 09:22:46,8656,Domestic abuse,3268
830,2019-06-27 17:00:39,8125,Robbery,3131
831,2019-07-04 09:04:20,8711,Sexual harassment,3741
832,2019-07-19 05:28:13,8745,Robbery,3450
833,2019-07-26 00:58:02,8553,Domestic abuse,3356
834,2019-07-29 21:13:11,8397,Murder,3141
835,2019-08-06 20:39:53,8346,Murder,3787
836,2019-08-08 19:19:23,8177,Burglary,3986
837,2019-08-14 04:33:30,8969,Domestic abuse,3379
838,2019-08-17 08:00:34,8213,Murder,3511
839,2019-08-31 06:04:55,8084,Murder,3998
840,2019-09-01 01:27:59,8738,Robbery,3584
841,2019-09-01 15:04:46,8186,Sexual harassment,3083
842,2019-09-29 13:55:05,8005,Sexual harassment,3044
843,2019-09-30 00:56:49,8875,Arson,3381
844,2019-10-01 12:22:50,8743,Murder,3630
845,2019-10-10 20:45:25,8133,Arson,3646
846,2019-10-17 15:31:18,8826,Murder,3095
847,2019-10-24 00:34:47,8211,Domestic abuse,3636
848,2019-10-29 13:57:11,8600,Murder,3195
849,2019-11-03 18:43:04,8964,Sexual harassment,3809
850,2019-11-08 00:49:03,8261,Robbery,3141
851,2019-11-09 06:06:04,8916,Burglary,3524
852,2019-11-27 23:23:20,8716,Sexual harassment,3501
853,2019-11-28 10:00:37,8006,Domestic abuse,3688
854,2019-12-04 12:23:22,8130,Burglary,3059
855,2019-12-20 04:15:02,8168,Arson,3474
856,2020-01-02 05:02:47,8456,Arson,3033
857,2020-01-06 15:16:25,8815,Arson,3369
858,2020-01-11 03:22:45,8850,Arson,3965
859,2020-01-26 01:24:02,8997,Domestic abuse,3667
860,2020-01-31 19:26:35,8009,Burglary,3168
861,2020-01-31 21:37:11,8806,Burglary,3698
862,2020-03-09 18:50:34,8601,Murder,3910
863,2020-03-11 11:03:57,8595,Murder,3323
864,2020-03-29 06:04:30,8688,Robbery,3833
865,2020-04-09 10:50:21,8459,Robbery,3524
866,2020-05-04 13:28:42,8487,Sexual harassment,3447
867,2020-05-11 12:33:34,8778,Domestic abuse,3758
868,2020-05-17 00:18:33,8420,Burglary,3848
869,2020-05-18 22:40:19,8049,Murder,3939
870,2020-05-29 06:31:26,8324,Sexual harassment,3584
871,2020-06-04 20:24:32,8825,Sexual harassment,3178
872,2020-06-15 08:46:48,8105,Arson,3119
873,2020-06-16 21:06:57,8724,Robbery,3468
874,2020-06-18 08:15:49,8668,Robbery,3406
875,2020-06-22 22:07:46,8989,Sexual harassment,3387
876,2020-07-03 17:51:26,8223,Domestic abuse,3511
877,2020-07-07 13:07:34,8388,Arson,3034
878,2020-07-19 06:16:11,8668,Burglary,3607
879,2020-07-31 14:55:58,8987,Burglary,3512
880,2020-08-23 10:43:56,8270,Arson,3124
881,2020-09-01 02:59:51,8956,Sexual harassment,3642
882,2020-09-05 02:24:24,8084,Murder,3421
883,2020-09-09 06:29:55,8727,Arson,3873
884,2020-09-29 13:00:19,8485,Domestic abuse,3708
885,2020-10-04 14:09:14,8494,Murder,3753
886,2020-10-11 10:48:47,8355,Arson,3994
887,2020-10-11 23:19:27,8364,Arson,3555
888,2020-10-21 08:00:53,8646,Arson,3558
889,2020-10-27 12:15:20,8243,Burglary,3321
890,2020-10-28 04:52:25,8388,Burglary,3125
891,2020-11-03 22:00:07,8363,Robbery,3403
892,2020-11-06 22:02:09,8574,Arson,3502
893,2020-11-08 04:55:40,8723,Robbery,3995
894,2020-12-16 03:05:28,8954,Burglary,3046
895,2020-12-25 18:59:21,8582,Robbery,3648
896,2021-01-16 05:07:39,8956,Domestic abuse,3538
897,2021-01-21 18:45:13,8479,Sexual harassment,3022
898,2021-01-24 05:13:22,8654,Domestic abuse,3560
899,2021-01-30 13:27:39,8908,Sexual harassment,3558
900,2021-02-01 03:20:48,8378,Burglary,3599
901,2021-02-03 23:21:22,8117,Burglary,3452
902,2021-02-07 09:10:03,8867,Domestic abuse,3834
903,2021-02-23 05:31:46,8826,Burglary,3550
904,2021-02-24 00:22:25,8118,Robbery,3058
905,2021-02-27 06:31:40,8605,Domestic abuse,3575
906,2021-03-03 00:21:43,8712,Arson,3039
907,2021-03-04 11:58:58,8114,Sexual harassment,3994
908,2021-03-08 16:44:54,8917,Burglary,3301
909,2021-03-22 22:37:51,8283,Murder,3360
910,2021-04-01 12:00:21,8019,Domestic abuse,3380
911,2021-04-01 14:57:04,8236,Murder,3483
912,2021-04-24 07:09:15,8911,Robbery,3884
913,2021-04-26 10:51:01,8673,Murder,3711
914,2021-05-02 15:26:23,8309,Arson,3763
915,2021-05-05 22:16:48,8035,Murder,3259
916,2021-05-31 00:26:13,8151,Sexual harassment,3581
917,2021-05-31 18:41:50,8083,Domestic abuse,3038
918,2021-06-07 08:44:05,8530,Robbery,3073
919,2021-06-10 14:32:13,8254,Robbery,3362
920,2021-06-11 08:44:16,8996,Burglary,3572
921,2021-06-11 17:04:59,8732,Robbery,3551
922,2021-06-26 16:44:29,8560,Arson,3124
923,2021-06-30 10:30:16,8519,Sexual harassment,3639
924,2021-07-11 06:54:19,8236,Burglary,3029
925,2021-07-16 06:33:53,8808,Burglary,3604
926,2021-07-26 00:14:09,8434,Sexual harassment,3377
927,2021-07-26 09:52:34,8613,Murder,3008
928,2021-08-08 22:21:35,8170,Robbery,3469
929,2021-08-13 00:53:05,8172,Domestic abuse,3962
930,2021-08-19 16:40:57,8874,Domestic abuse,3094
931,2021-08-24 02:31:39,8205,Arson,3624
932,2021-08-28 02:41:40,8103,Sexual harassment,3742
933,2021-09-06 15:11:51,8830,Domestic abuse,3488
934,2021-09-07 20:33:13,8525,Murder,3974
935,2021-09-17 21:30:48,8046,Murder,3409
936,2021-09-27 09:03:11,8431,Arson,3491
937,2021-09-30 11:09:24,8867,Murder,3301
938,2021-10-09 10:11:11,8720,Robbery,3387
939,2021-10-12 01:18:53,8201,Arson,3054
940,2021-10-15 10:33:07,8244,Murder,3489
941,2021-10-24 23:16:49,8446,Sexual harassment,3563
942,2021-10-28 15:37:34,8085,Domestic abuse,3936
943,2021-11-04 18:46:47,8677,Domestic abuse,3815
944,2021-12-03 08:01:53,8410,Arson,3793
945,2021-12-12 10:49:44,8749,Murder,3627
946,2021-12-26 14:58:20,8649,Domestic abuse,3676
947,2021-12-30 01:28:34,8560,Domestic abuse,3518
948,2022-01-02 04:22:09,8771,Burglary,3568
949,2022-01-02 05:38:58,8690,Robbery,3694
950,2022-01-17 17:34:27,8630,Murder,3553
951,2022-02-07 07:11:29,8519,Murder,3690
952,2022-02-21 15:10:16,8609,Murder,3111
953,2022-03-04 07:49:38,8397,Sexual harassment,3871
954,2022-03-07 19:24:21,8842,Robbery,3436
955,2022-04-10 23:47:59,8492,Murder,3043
956,2022-04-11 00:27:22,8476,Burglary,3734
957,2022-04-24 15:46:22,8638,Murder,3335
958,2022-04-27 09:55:05,8372,Domestic abuse,3055
959,2022-04-29 09:08:57,8862,Murder,3788
960,2022-05-02 03:45:53,8851,Domestic abuse,3914
961,2022-05-09 19:32:31,8272,Arson,3387
962,2022-05-27 20:02:27,8479,Domestic abuse,3180
963,2022-05-30 22:40:06,8492,Murder,3660
964,2022-06-07 19:46:05,8835,Arson,3898
965,2022-06-08 03:16:03,8517,Arson,3309
966,2022-06-17 22:32:38,8355,Sexual harassment,3177
967,2022-06-22 16:12:57,8895,Domestic abuse,3091
968,2022-06-23 17:16:15,8992,Burglary,3960
969,2022-07-12 09:50:52,8167,Burglary,3666
970,2022-07-13 19:21:40,8971,Murder,3045
971,2022-07-14 09:43:45,8604,Burglary,3690
972,2022-07-15 13:33:57,8593,Robbery,3069
973,2022-07-16 10:53:46,8397,Arson,3284
974,2022-08-01 18:50:39,8548,Arson,3520
975,2022-08-06 01:23:56,8583,Murder,3321
976,2022-08-14 13:09:13,8761,Arson,3265
977,2022-08-14 16:38:45,8221,Sexual harassment,3330
978,2022-08-21 09:01:22,8431,Burglary,3459
979,2022-08-30 19:25:26,8317,Burglary,3546
980,2022-08-31 11:30:14,8713,Robbery,3145
981,2022-09-04 23:20:31,8768,Domestic abuse,3921
982,2022-09-07 04:21:10,8433,Sexual harassment,3943
983,2022-09-21 13:26:17,8601,Arson,3746
984,2022-09-23 08:45:11,8212,Arson,3455
985,2022-09-26 18:48:15,8934,Domestic abuse,3374
986,2022-09-27 18:11:51,8837,Burglary,3682
987,2022-09-29 08:40:07,8937,Arson,3815
988,2022-09-29 15:46:32,8846,Robbery,3024
989,2022-10-06 07:00:49,8706,Burglary,3754
990,2022-10-10 10:17:15,8891,Robbery,4000
991,2022-10-11 17:29:27,8094,Murder,3066
992,2022-10-12 22:26:21,8213,Robbery,3470
993,2022-10-16 22:58:37,8641,Domestic abuse,3926
994,2022-10-22 13:04:16,8832,Arson,3615
995,2022-11-07 23:50:19,8304,Arson,3889
996,2022-11-14 16:27:02,8245,Sexual harassment,3583
997,2022-11-15 05:43:11,8572,Sexual harassment,3702
998,2022-11-24 16:53:36,8107,Robbery,3834
999,2022-12-23 19:09:15,8494,Arson,3072
1000,2022-12-30 23:07:33,8758,Sexual harassment,3855
