8000,51.906831,-88.190044,Transport,Taxi
8001,57.849482,-50.850605,Transport,Car
8002,-20.437899,18.078051,Outdoors,Square
8003,-29.258098,130.38402,Outdoors,Street
8004,-53.135653,80.478273,Transport,Taxi
8005,24.349752,113.799006,Transport,Car
8006,17.945839,53.403692,Indoors,Office
8007,42.069522,149.425986,Transport,Car
8008,70.597462,128.419323,Transport,Bus
8009,48.560153,-110.879382,Transport,Underground
8010,-36.485032,-158.168714,Transport,Underground
8011,14.520882,-116.421821,Indoors,House
8012,-72.303141,-90.03322,Transport,Bus
8013,6.902321,9.875067,Transport,Taxi
8014,78.627498,1.372206,Outdoors,Park
8015,-79.566161,161.801069,Outdoors,Field
8016,-40.390401,-105.141927,Transport,Bus
8017,70.875791,-124.120321,Indoors,Museum
8018,14.216293,107.980215,Indoors,Shop
8019,-43.4055,-134.518032,Transport,Car
8020,62.875514,-14.485511,Indoors,Flat
8021,42.006847,-118.771865,Transport,Bus
8022,-16.625542,-94.564224,Indoors,Flat
8023,-45.476637,-138.110692,Transport,Bus
8024,63.305036,176.910241,Outdoors,Street
8025,-89.048279,70.700268,Transport,Underground
8026,36.914823,26.252034,Outdoors,Square
8027,74.751146,104.227793,Indoors,University
8028,-71.155862,-23.761063,Transport,Taxi
8029,83.714174,-39.105133,Transport,Underground
8030,4.530169,136.994977,Outdoors,Square
8031,46.698638,-60.097371,Indoors,University
8032,2.9265,178.695583,Outdoors,Street
8033,70.004314,101.318359,Indoors,Flat
8034,61.38923,-148.777899,Outdoors,Garden
8035,-57.27104,32.833552,Indoors,Bank
8036,55.728921,131.198256,Indoors,Flat
8037,69.969195,-3.978921,Outdoors,Pond
8038,-61.53446,101.853932,Indoors,Museum
8039,72.99299,-88.451933,Transport,Bus
8040,81.197407,-96.028496,Indoors,Shop
8041,-16.398576,68.650639,Outdoors,Forest
8042,68.82187,-130.105846,Indoors,House
8043,33.722225,21.698123,Outdoors,River
8044,-41.626357,-152.551684,Outdoors,Park
8045,-9.313135,-50.724724,Indoors,Office
8046,47.189356,132.411839,Transport,Underground
8047,13.06021,-149.631739,Indoors,Shop
8048,83.42157,97.52878,Indoors,University
8049,19.025362,-160.573848,Indoors,Bank
8050,41.0042,-153.158334,Indoors,Office
8051,53.762979,106.817674,Indoors,University
8052,55.30769,-157.591117,Transport,Underground
8053,-32.315219,55.949006,Transport,Taxi
8054,55.517659,-174.096836,Transport,Taxi
8055,-50.004238,-37.055219,Indoors,Museum
8056,80.93033,52.513586,Indoors,Flat
8057,20.708872,148.358781,Outdoors,Field
8058,81.195448,21.910157,Outdoors,Square
8059,37.815427,13.366234,Outdoors,River
8060,-61.194933,50.855235,Outdoors,Garden
8061,78.602396,35.164239,Transport,Car
8062,30.719488,-11.674504,Outdoors,Garden
8063,38.874549,83.89206,Transport,Taxi
8064,-55.390001,11.70701,Transport,Bus
8065,3.903133,-59.640776,Transport,Bus
8066,-42.294107,57.458395,Outdoors,River
8067,-79.21911,132.130433,Indoors,Bank
8068,32.365556,23.463444,Indoors,Museum
8069,3.924343,81.91897,Outdoors,Square
8070,60.098669,-2.530714,Outdoors,Lake
8071,23.307574,158.514333,Indoors,House
8072,56.092961,-178.501213,Outdoors,Square
8073,-38.521178,56.223256,Indoors,Museum
8074,-21.158917,-56.988745,Indoors,Bank
8075,-84.418939,153.789685,Transport,Car
8076,11.683356,-176.183353,Indoors,Museum
8077,86.638236,167.778654,Transport,Bus
8078,-12.192386,96.554436,Outdoors,Field
8079,25.98355,58.839416,Indoors,Shop
8080,24.016089,25.659525,Indoors,Bank
8081,-1.25504,-14.506343,Outdoors,River
8082,-1.565871,20.23408,Outdoors,Pond
8083,58.456104,165.005005,Indoors,University
8084,-1.330616,111.103238,Outdoors,Square
8085,82.661527,163.35258,Outdoors,Lake
8086,71.313434,49.888209,Outdoors,Garden
8087,59.553546,-139.336567,Transport,Taxi
8088,57.369866,143.192536,Indoors,University
8089,80.831544,72.440557,Outdoors,Garden
8090,39.991407,-30.923139,Outdoors,River
8091,-87.598474,-167.247329,Indoors,University
8092,17.392229,85.906,Outdoors,Pond
8093,-0.642007,-10.142045,Transport,Underground
8094,-67.199853,1.168969,Indoors,Office
8095,-72.772207,-116.917183,Transport,Car
8096,-6.914237,177.291866,Indoors,House
8097,84.332363,165.796742,Indoors,Office
8098,45.070164,-160.793382,Transport,Car
8099,77.035769,-74.041907,Indoors,University
8100,2.605612,26.090007,Outdoors,Street
8101,52.400539,164.419621,Outdoors,Street
8102,17.815044,132.473153,Indoors,Museum
8103,2.691842,-113.273224,Outdoors,Pond
8104,-0.480293,161.595056,Indoors,Flat
8105,10.425572,-135.030115,Outdoors,Lake
8106,81.400486,-60.414929,Indoors,Museum
8107,44.220598,-56.286147,Outdoors,Garden
8108,-28.575291,130.367901,Transport,Bus
8109,-48.931284,-100.07528,Outdoors,River
8110,-88.742077,114.653141,Indoors,House
8111,-30.987928,29.954515,Indoors,House
8112,-77.461797,-98.840651,Outdoors,River
8113,2.533868,177.305715,Transport,Car
8114,29.440788,20.325561,Indoors,Museum
8115,21.667694,-74.718537,Indoors,House
8116,-5.139759,-95.343526,Outdoors,Park
8117,-45.327444,-78.656114,Transport,Bus
8118,-31.028308,-132.925931,Outdoors,Street
8119,47.561546,135.952382,Indoors,Office
8120,73.705714,16.035449,Transport,Underground
8121,59.83306,56.888623,Indoors,Flat
8122,0.911926,-108.087891,Indoors,House
8123,21.832499,-29.609268,Transport,Bus
8124,-11.038511,140.097659,Indoors,Flat
8125,-46.822816,14.65707,Indoors,Museum
8126,52.389212,-12.715385,Transport,Underground
8127,1.129858,78.874096,Outdoors,Forest
8128,83.92473,-30.419394,Transport,Bus
8129,54.343715,-49.833057,Outdoors,River
8130,11.217372,-46.141909,Indoors,Flat
8131,35.093719,73.877692,Indoors,Museum
8132,-71.516112,89.712887,Transport,Taxi
8133,-41.004685,-120.852843,Outdoors,Park
8134,-55.124272,116.283645,Indoors,House
8135,-44.331412,-173.612718,Indoors,University
8136,77.169048,51.493085,Indoors,University
8137,-27.120986,43.450748,Indoors,Museum
8138,0.835386,139.044057,Indoors,Museum
8139,-66.279775,-38.7426,Transport,Car
8140,68.593445,-82.681357,Indoors,Museum
8141,-16.99908,34.986858,Outdoors,Forest
8142,21.561382,20.589001,Indoors,Shop
8143,-14.377349,-171.392163,Outdoors,Street
8144,-80.286368,175.002873,Transport,Bus
8145,8.120252,-142.057114,Outdoors,Lake
8146,11.215412,-167.035122,Indoors,House
8147,-89.397262,-107.407938,Outdoors,Field
8148,-60.157382,118.469648,Outdoors,Field
8149,-48.024839,150.969398,Indoors,Office
8150,-61.551946,-20.562177,Indoors,House
8151,-72.468512,90.866324,Indoors,Museum
8152,-77.427285,160.571689,Indoors,Shop
8153,84.083364,145.633067,Indoors,Office
8154,-71.859986,-100.351089,Outdoors,Forest
8155,-60.595164,17.650488,Transport,Taxi
8156,52.942254,-121.255512,Outdoors,Field
8157,-33.507368,66.404973,Outdoors,Forest
8158,42.256608,142.78806,Outdoors,Street
8159,60.786768,74.026503,Indoors,University
8160,-62.210889,-170.501058,Indoors,House
8161,63.075275,37.497051,Indoors,Shop
8162,17.375841,-71.449753,Indoors,House
8163,-85.80564,42.993481,Outdoors,Field
8164,68.23446,-149.144721,Indoors,House
8165,-62.758869,-14.14044,Transport,Underground
8166,48.541768,-174.777254,Outdoors,Forest
8167,65.287123,-77.054105,Transport,Taxi
8168,-38.325121,21.299881,Transport,Car
8169,3.442142,138.488533,Indoors,University
8170,-79.096435,-106.600319,Transport,Underground
8171,-0.758548,-47.251145,Outdoors,River
8172,30.625294,-57.784149,Indoors,Bank
8173,-35.216246,-96.28088,Indoors,University
8174,76.855246,72.02326,Indoors,Flat
8175,-60.307804,-20.35891,Transport,Underground
8176,-81.989197,129.60322,Outdoors,Forest
8177,25.646117,122.593565,Indoors,University
8178,-4.44287,11.651848,Indoors,Shop
8179,-82.828599,25.009312,Indoors,University
8180,-3.577067,-53.115774,Indoors,Museum
8181,83.790733,97.081093,Transport,Bus
8182,45.085535,80.561777,Indoors,Flat
8183,42.622534,94.09713,Transport,Car
8184,-18.000181,-95.97043,Indoors,Bank
8185,70.138369,-34.788878,Indoors,Flat
8186,-84.346983,-55.739125,Outdoors,Street
8187,6.179529,-96.09786,Outdoors,Lake
8188,-18.931281,-67.363216,Outdoors,Street
8189,55.768412,-81.957484,Transport,Underground
8190,49.31392,-94.212561,Transport,Underground
8191,-10.568719,13.332691,Transport,Car
8192,50.238437,37.981474,Outdoors,River
8193,54.417571,15.009801,Transport,Car
8194,-51.446692,-123.196484,Transport,Car
8195,-84.633863,-84.070319,Indoors,Museum
8196,78.492824,-38.695869,Indoors,Museum
8197,32.175923,125.963018,Indoors,House
8198,32.464796,48.075602,Outdoors,Field
8199,34.023676,-62.633364,Indoors,Shop
8200,86.774519,-118.51606,Indoors,Office
8201,81.456276,57.826955,Indoors,Museum
8202,34.810063,-30.74547,Indoors,University
8203,-1.883404,-156.65909,Transport,Taxi
8204,75.039525,-100.863465,Indoors,Office
8205,-9.053798,152.221374,Outdoors,Pond
8206,-43.952155,-14.763403,Indoors,Shop
8207,-49.213336,-24.3333,Indoors,Flat
8208,-26.326075,-139.441166,Transport,Taxi
8209,-16.587948,161.236654,Indoors,University
8210,-19.555852,61.513859,Transport,Bus
8211,-83.815689,42.099293,Indoors,Bank
8212,-42.308486,106.816773,Indoors,Office
8213,86.482412,99.032304,Indoors,House
8214,-26.148857,175.69318,Outdoors,Pond
8215,-54.907661,127.036945,Transport,Taxi
8216,30.041884,34.504167,Indoors,House
8217,46.689882,81.304238,Indoors,Museum
8218,13.243046,-152.779977,Indoors,Flat
8219,-39.436507,-67.049565,Indoors,Shop
8220,-58.056667,-21.335098,Indoors,University
8221,45.627373,101.91363,Indoors,House
8222,80.109225,-40.89284,Indoors,Bank
8223,87.494966,-3.008126,Outdoors,Garden
8224,3.481443,-70.488999,Outdoors,Street
8225,-23.961761,77.937772,Indoors,House
8226,57.372864,23.516923,Outdoors,Square
8227,-85.75596,-88.384258,Outdoors,Lake
8228,37.642956,-48.678814,Indoors,House
8229,-71.621781,-159.348922,Transport,Taxi
8230,-4.989761,103.923407,Indoors,Office
8231,-66.879722,160.981222,Outdoors,Field
8232,-30.341158,44.862193,Indoors,Shop
8233,81.013025,54.63432,Indoors,Bank
8234,-57.259617,-9.405894,Transport,Taxi
8235,-49.381734,84.921795,Indoors,University
8236,-76.277081,-153.042428,Transport,Underground
8237,-50.024152,28.820791,Indoors,House
8238,30.473129,-176.065516,Outdoors,River
8239,-82.266841,70.489677,Indoors,Shop
8240,76.808369,14.997309,Outdoors,Park
8241,-61.954001,104.589145,Transport,Underground
8242,17.862968,-138.254252,Outdoors,River
8243,44.576984,107.927721,Outdoors,Field
8244,-61.529331,-25.879691,Outdoors,Pond
8245,79.079807,-22.443765,Indoors,Shop
8246,43.853824,-168.49379,Indoors,Museum
8247,15.540784,-115.456652,Outdoors,Lake
8248,-65.334439,129.628066,Indoors,Office
8249,43.482149,120.262598,Transport,Bus
8250,19.871013,153.422997,Indoors,Museum
8251,-29.821614,43.630127,Outdoors,Park
8252,-36.704909,-83.566849,Indoors,Flat
8253,1.387532,-175.324234,Indoors,House
8254,3.229483,-135.007879,Indoors,Shop
8255,89.052737,43.892193,Outdoors,Park
8256,45.38817,155.535788,Indoors,Office
8257,47.008362,18.424386,Transport,Taxi
8258,49.764289,177.996668,Transport,Bus
8259,-27.247971,-125.97637,Outdoors,Forest
8260,-45.086624,59.997736,Indoors,Bank
8261,-56.419707,163.630282,Indoors,Office
8262,67.960447,39.564117,Indoors,Bank
8263,26.694185,-118.866121,Indoors,Flat
8264,50.766536,-121.974894,Outdoors,Street
8265,-68.996181,166.256596,Outdoors,Lake
8266,-73.987527,-121.580214,Outdoors,River
8267,28.108679,-36.656993,Indoors,Museum
8268,5.760373,15.245648,Transport,Underground
8269,-52.986538,-130.116225,Indoors,Museum
8270,40.643047,56.488588,Outdoors,Street
8271,47.91402,-86.835373,Transport,Taxi
8272,25.225412,88.072441,Transport,Taxi
8273,27.740092,89.086881,Transport,Bus
8274,-55.321182,29.127274,Transport,Taxi
8275,-17.268214,-98.584894,Indoors,House
8276,-87.196915,-47.686634,Indoors,Bank
8277,-78.199177,21.426271,Indoors,Bank
8278,7.145433,165.70256,Indoors,Shop
8279,-46.927865,-119.593791,Outdoors,River
8280,83.655782,-32.750451,Indoors,Museum
8281,-47.271411,-137.173284,Outdoors,Square
8282,-27.913284,56.394606,Indoors,Bank
8283,18.745716,-1.401738,Outdoors,Street
8284,-5.231226,-158.164938,Outdoors,Pond
8285,29.395076,-85.315122,Indoors,Bank
8286,10.514259,-124.377371,Outdoors,Square
8287,48.775489,-58.069007,Indoors,Flat
8288,32.802463,74.740632,Outdoors,River
8289,57.919176,139.43332,Outdoors,River
8290,88.69461,-40.67285,Indoors,Shop
8291,-33.272834,-86.534076,Outdoors,Pond
8292,50.03283,-24.554233,Transport,Underground
8293,25.900696,142.077866,Outdoors,Lake
8294,-43.939371,-84.703521,Transport,Car
8295,-10.92709,-32.36531,Transport,Taxi
8296,64.935266,-115.795287,Indoors,Office
8297,-53.986696,-165.616834,Outdoors,Street
8298,23.603158,-155.405761,Transport,Underground
8299,-1.857436,91.338636,Transport,Underground
8300,-20.282261,-110.074567,Transport,Taxi
8301,-22.399018,34.83908,Indoors,Museum
8302,20.271244,36.256044,Transport,Taxi
8303,19.081997,71.872575,Indoors,University
8304,64.067585,97.076932,Transport,Underground
8305,85.529972,46.7409,Outdoors,Park
8306,-65.443008,49.965163,Indoors,Shop
8307,36.660695,88.266162,Indoors,Office
8308,-13.092653,149.178399,Outdoors,River
8309,-0.642758,40.367841,Transport,Underground
8310,-0.000248,170.85672,Outdoors,Forest
8311,11.043809,-54.236204,Indoors,House
8312,-86.308578,-32.920187,Outdoors,Street
8313,88.439087,136.842208,Indoors,Office
8314,-24.019408,-119.511178,Indoors,House
8315,53.143559,112.046124,Transport,Underground
8316,-39.990128,-55.344462,Outdoors,Square
8317,-25.047234,-125.847869,Transport,Taxi
8318,78.306574,121.642838,Indoors,Museum
8319,80.142546,159.841873,Indoors,House
8320,86.268156,-35.397242,Outdoors,Field
8321,-39.931011,-57.322619,Indoors,Museum
8322,78.627677,-41.359419,Indoors,Museum
8323,31.818191,-67.298789,Indoors,Flat
8324,30.430471,-47.942147,Transport,Underground
8325,-3.830868,99.543097,Outdoors,Park
8326,14.885297,105.991512,Outdoors,Pond
8327,-2.515739,0.291355,Transport,Underground
8328,54.207767,-117.000456,Transport,Bus
8329,75.256276,-127.047277,Outdoors,Forest
8330,-30.764651,10.241521,Indoors,University
8331,64.631369,-92.408602,Outdoors,Square
8332,-65.972986,64.943759,Indoors,House
8333,3.116122,170.069294,Indoors,University
8334,82.20241,81.237942,Outdoors,Park
8335,-87.321982,-112.883656,Indoors,Museum
8336,51.717915,110.459398,Transport,Car
8337,-14.654774,83.087358,Transport,Taxi
8338,25.417359,-10.048053,Indoors,Flat
8339,-63.514676,168.790934,Indoors,Office
8340,33.843199,-67.647446,Indoors,University
8341,-40.26921,-126.555165,Outdoors,Field
8342,64.232878,-169.703008,Outdoors,Square
8343,-34.16951,-87.617531,Transport,Underground
8344,86.201478,-139.888972,Outdoors,River
8345,49.374414,138.114472,Indoors,University
8346,66.998379,59.584202,Indoors,House
8347,56.862515,155.327677,Transport,Bus
8348,86.410603,-142.27911,Indoors,Office
8349,8.399513,118.745895,Indoors,Office
8350,-51.8553,56.313527,Outdoors,Garden
8351,85.117422,-146.201571,Transport,Car
8352,-89.422653,93.26539,Indoors,Flat
8353,20.056545,124.112599,Transport,Taxi
8354,79.055692,-69.721535,Indoors,University
8355,-3.644921,92.385229,Indoors,Shop
8356,75.324517,136.055706,Outdoors,Street
8357,51.938124,-45.036581,Indoors,Museum
8358,86.034573,116.674989,Outdoors,Street
8359,-34.817309,93.507827,Indoors,Bank
8360,-64.455908,-168.326034,Outdoors,Field
8361,88.607844,-110.558734,Indoors,University
8362,38.042335,76.021198,Outdoors,Forest
8363,46.266345,-57.523963,Outdoors,River
8364,83.095193,-49.185487,Indoors,Shop
8365,45.983543,-56.309195,Outdoors,Park
8366,-76.65238,-9.383039,Indoors,University
8367,69.553401,107.010561,Transport,Taxi
8368,-87.747188,-6.8458,Outdoors,Park
8369,71.502992,91.191188,Indoors,Shop
8370,-61.942448,-33.242635,Indoors,Bank
8371,65.171702,-118.26861,Indoors,Shop
8372,-78.311814,79.187985,Indoors,Bank
8373,18.429626,131.81239,Transport,Car
8374,44.696177,-59.895425,Indoors,Office
8375,-30.986863,73.069861,Outdoors,Lake
8376,-52.934578,-43.655997,Transport,Underground
8377,-15.565687,56.904101,Outdoors,Square
8378,-43.208478,15.560243,Outdoors,Lake
8379,-64.173138,-131.205516,Outdoors,Park
8380,0.346841,135.514416,Transport,Bus
8381,61.307342,-81.842937,Transport,Bus
8382,-60.452654,147.198033,Outdoors,Pond
8383,-15.558733,-71.874463,Indoors,Museum
8384,-83.395423,-54.02454,Transport,Taxi
8385,-82.073029,-79.326002,Indoors,Museum
8386,-78.068013,-102.54396,Transport,Bus
8387,-62.706288,-106.583781,Indoors,House
8388,31.294182,81.666676,Outdoors,Park
8389,7.622611,-120.840288,Indoors,Flat
8390,-69.293715,72.055948,Outdoors,Street
8391,-19.709546,54.747211,Transport,Taxi
8392,31.931712,-89.755279,Outdoors,Park
8393,-88.512659,-21.940379,Indoors,Flat
8394,-33.541613,-40.334924,Outdoors,River
8395,-79.257287,60.433607,Indoors,Office
8396,38.429286,152.225265,Outdoors,Lake
8397,74.959673,-37.185716,Indoors,Office
8398,-25.95847,-99.966037,Outdoors,Garden
8399,-13.422682,-117.422983,Transport,Bus
8400,13.878473,-10.417667,Indoors,House
8401,-33.189657,106.963312,Transport,Bus
8402,2.443529,25.934025,Outdoors,Forest
8403,-10.680018,137.596475,Outdoors,Forest
8404,35.358566,123.757145,Indoors,Museum
8405,52.97939,134.50255,Indoors,Office
8406,24.577232,-135.14235,Indoors,Shop
8407,-34.240569,-163.764523,Outdoors,Lake
8408,75.274651,-122.199483,Outdoors,Street
8409,65.139092,5.155821,Outdoors,Forest
8410,21.912139,-9.365095,Indoors,University
8411,-29.944251,-49.315255,Outdoors,Lake
8412,-24.061777,57.447876,Outdoors,Park
8413,71.999697,151.640682,Outdoors,Forest
8414,-20.756973,30.486448,Indoors,Bank
8415,-14.686681,7.848914,Indoors,Office
8416,41.186045,122.088234,Transport,Car
8417,-12.204281,-79.8836,Indoors,Flat
8418,36.846461,64.439573,Indoors,University
8419,-26.944354,-130.171515,Indoors,House
8420,-78.658709,-148.219273,Outdoors,Field
8421,-18.077935,-116.67253,Outdoors,Lake
8422,20.213142,115.517104,Transport,Car
8423,50.03635,151.283666,Outdoors,Forest
8424,83.406617,-85.726483,Outdoors,Pond
8425,-84.511053,-158.378887,Indoors,House
8426,44.033074,99.941368,Transport,Underground
8427,15.832524,-34.522399,Outdoors,Lake
8428,10.416008,132.054723,Transport,Underground
8429,52.308278,60.213959,Indoors,University
8430,-27.534014,-104.253701,Outdoors,Park
8431,-53.378106,30.363881,Transport,Car
8432,-14.699644,147.167327,Outdoors,Field
8433,-51.697641,-114.517481,Indoors,House
8434,-84.210279,27.574409,Outdoors,Forest
8435,-7.266544,-128.733241,Indoors,Museum
8436,-47.043703,119.791516,Outdoors,Street
8437,44.345023,1.042071,Indoors,House
8438,-5.561278,77.613496,Outdoors,Lake
8439,-8.116632,100.680461,Outdoors,Park
8440,-12.560603,-76.947433,Outdoors,Forest
8441,-66.303975,172.076921,Outdoors,Park
8442,-12.559664,169.101181,Transport,Taxi
8443,-56.567311,-78.711091,Transport,Taxi
8444,44.242111,-52.161074,Transport,Underground
8445,8.589715,-131.870231,Transport,Car
8446,85.554904,35.124812,Transport,Taxi
8447,48.984148,73.591631,Transport,Underground
8448,74.794041,-92.643971,Outdoors,Pond
8449,-23.050452,76.426046,Indoors,Museum
8450,82.302092,82.592047,Transport,Bus
8451,25.628549,122.792431,Transport,Underground
8452,-75.2287,-84.630721,Outdoors,Street
8453,-89.839045,129.172887,Indoors,Bank
8454,-10.197505,-130.199432,Indoors,House
8455,85.590311,-144.499443,Indoors,Shop
8456,-32.166472,-28.261957,Transport,Taxi
8457,-85.112086,92.722062,Outdoors,Park
8458,81.272762,-31.401646,Transport,Taxi
8459,-12.60498,158.908102,Indoors,Office
8460,89.724259,-4.396614,Outdoors,Garden
8461,81.717338,3.595808,Indoors,Bank
8462,-34.237936,-44.635684,Indoors,Flat
8463,-22.672268,49.285121,Indoors,University
8464,58.467222,-137.831657,Indoors,Museum
8465,77.687334,122.79915,Indoors,House
8466,58.987166,12.603476,Indoors,Office
8467,86.677501,24.441249,Indoors,University
8468,-21.178632,25.704305,Indoors,Shop
8469,23.320762,35.277673,Outdoors,River
8470,34.61823,-112.426767,Transport,Bus
8471,-40.197972,139.144939,Indoors,Museum
8472,4.005536,-117.431504,Outdoors,Square
8473,-28.134888,-19.179042,Outdoors,Forest
8474,-72.205481,-48.607321,Outdoors,River
8475,-2.310471,-94.997913,Indoors,Office
8476,-87.603534,-162.188935,Indoors,Shop
8477,31.638646,28.699954,Transport,Taxi
8478,-75.439997,20.339955,Indoors,Flat
8479,-51.632128,162.062451,Indoors,House
8480,-80.623881,-93.776645,Indoors,Shop
8481,69.395031,-173.520324,Indoors,Museum
8482,-14.167438,-21.765576,Indoors,Office
8483,-38.82528,69.873466,Outdoors,Street
8484,-40.412002,9.497883,Outdoors,Forest
8485,37.374386,-147.456805,Transport,Taxi
8486,37.63983,-83.349939,Outdoors,Square
8487,45.331009,-45.034406,Outdoors,Park
8488,-71.125111,67.789436,Indoors,University
8489,0.262694,76.35713,Outdoors,Garden
8490,-71.278729,32.717456,Indoors,Bank
8491,26.663651,58.748236,Transport,Underground
8492,43.675649,128.433837,Indoors,Bank
8493,-11.589873,18.354548,Indoors,Flat
8494,-22.487736,5.820009,Indoors,Flat
8495,52.712798,128.650844,Outdoors,River
8496,-55.593095,-56.849822,Outdoors,Square
8497,5.293339,-43.818149,Indoors,University
8498,9.802051,-9.829075,Indoors,Museum
8499,-33.863087,-115.504149,Indoors,Office
8500,-70.30695,143.421474,Indoors,Office
8501,-50.498432,-110.625322,Transport,Car
8502,-68.465138,-116.84296,Outdoors,Forest
8503,40.661362,-126.171145,Indoors,Office
8504,35.049546,26.159505,Outdoors,Garden
8505,-73.608792,-53.106842,Outdoors,Lake
8506,-34.951661,2.785094,Indoors,University
8507,49.418115,123.155337,Outdoors,Street
8508,5.933524,121.510783,Indoors,Office
8509,3.822271,81.603485,Outdoors,Garden
8510,53.544552,95.775349,Transport,Taxi
8511,68.57324,136.67057,Transport,Underground
8512,-15.93288,31.371936,Transport,Underground
8513,-53.116107,15.046217,Outdoors,River
8514,79.697094,15.517837,Transport,Taxi
8515,33.118511,-106.303047,Outdoors,River
8516,-9.311292,-91.497129,Transport,Taxi
8517,29.171209,99.356359,Outdoors,Street
8518,27.958845,163.216271,Outdoors,River
8519,-52.546723,-178.670014,Indoors,Shop
8520,-52.330159,144.045738,Indoors,Office
8521,-71.74478,-37.188017,Outdoors,River
8522,-18.842041,-115.23837,Indoors,Flat
8523,15.673145,139.487143,Outdoors,Pond
8524,-4.416008,160.421033,Outdoors,Field
8525,48.951105,-49.512382,Outdoors,Square
8526,-12.891429,-73.089277,Indoors,Museum
8527,-12.874936,66.785154,Outdoors,Square
8528,74.667599,172.788089,Outdoors,River
8529,23.035582,63.404158,Outdoors,Lake
8530,64.376379,-98.075574,Transport,Car
8531,33.70528,95.410439,Indoors,University
8532,-32.871215,87.22178,Outdoors,Park
8533,68.398521,76.574362,Outdoors,Field
8534,-13.578683,-70.939236,Indoors,Office
8535,13.038265,81.028799,Indoors,Shop
8536,-5.952142,-75.26636,Indoors,University
8537,40.278204,-135.695566,Indoors,Office
8538,11.641545,-66.069679,Indoors,House
8539,-33.422251,-156.148578,Outdoors,Pond
8540,18.370696,-177.155729,Outdoors,Park
8541,-34.418817,-51.321669,Transport,Car
8542,-67.073559,21.553156,Transport,Car
8543,-12.968429,-101.925946,Transport,Bus
8544,23.711078,-34.092069,Transport,Taxi
8545,-5.947494,145.692363,Transport,Bus
8546,-9.66271,50.534123,Transport,Car
8547,31.672748,-126.187895,Indoors,Office
8548,88.52591,-173.401508,Transport,Underground
8549,33.412387,156.335304,Outdoors,Garden
8550,87.084316,-154.137728,Transport,Underground
8551,57.233629,9.949896,Transport,Underground
8552,49.458499,165.78592,Transport,Car
8553,15.971764,-44.484066,Outdoors,Lake
8554,-8.457963,-150.777725,Indoors,Bank
8555,-25.788501,26.045163,Indoors,Shop
8556,-41.14464,-49.284892,Indoors,House
8557,-87.59674,173.105931,Transport,Underground
8558,-80.415417,-147.960933,Indoors,House
8559,78.753488,-109.292655,Transport,Underground
8560,4.346593,-38.677512,Outdoors,Garden
8561,-78.335639,117.950832,Indoors,Museum
8562,-64.248436,12.0763,Indoors,Bank
8563,-38.301793,43.529618,Outdoors,Park
8564,67.30975,-21.480083,Indoors,Museum
8565,-85.376545,6.878902,Indoors,Bank
8566,3.829178,36.677673,Indoors,Office
8567,-5.103605,104.139661,Outdoors,Garden
8568,-64.791901,-152.701644,Indoors,University
8569,-3.625026,-67.562321,Indoors,Bank
8570,50.390573,-85.976353,Indoors,Bank
8571,14.106911,130.37508,Indoors,Museum
8572,11.250453,178.631278,Outdoors,Garden
8573,45.308303,69.018747,Indoors,Office
8574,68.497435,78.631171,Transport,Underground
8575,3.668934,104.45417,Outdoors,Forest
8576,-67.657184,164.999097,Indoors,House
8577,-61.519608,74.739645,Indoors,House
8578,27.290849,-57.912025,Indoors,Shop
8579,73.725224,15.945419,Transport,Underground
8580,33.459419,-173.942664,Transport,Underground
8581,48.597706,-29.103422,Outdoors,River
8582,74.208868,-25.206697,Indoors,Office
8583,-7.023819,95.810477,Outdoors,Park
8584,-27.479415,69.482264,Transport,Car
8585,-80.446656,-81.376316,Transport,Car
8586,86.189439,-21.222202,Outdoors,Square
8587,53.771045,51.963031,Indoors,Bank
8588,50.49823,106.309571,Indoors,Flat
8589,-1.974684,20.353697,Indoors,Museum
8590,11.78231,-128.863006,Outdoors,Garden
8591,-6.166413,15.102087,Transport,Taxi
8592,-53.438681,-82.017952,Indoors,Bank
8593,66.197578,-40.59313,Indoors,Flat
8594,49.120593,-13.376833,Transport,Taxi
8595,-5.79012,-0.152016,Outdoors,Field
8596,-8.670795,176.277348,Indoors,House
8597,-1.478017,-51.012415,Indoors,Museum
8598,83.544839,-2.143687,Outdoors,Pond
8599,5.487919,-84.617842,Outdoors,River
8600,-19.155988,35.73576,Indoors,Museum
8601,-35.310817,45.85124,Indoors,House
8602,-32.86716,173.218854,Outdoors,Garden
8603,-13.377459,-104.418193,Outdoors,Field
8604,47.0785,-50.759074,Transport,Bus
8605,-22.790007,176.462418,Outdoors,Lake
8606,1.78449,94.402889,Outdoors,River
8607,-19.937755,138.362346,Indoors,Museum
8608,-27.574348,-139.362764,Indoors,University
8609,5.85478,54.07449,Indoors,Shop
8610,56.086357,-122.841187,Outdoors,Street
8611,-54.415767,-125.158005,Indoors,House
8612,2.735478,-140.603562,Transport,Taxi
8613,-45.80172,27.890687,Outdoors,Street
8614,-3.044764,108.824163,Indoors,Museum
8615,0.815541,83.744306,Outdoors,Forest
8616,87.107886,58.362948,Outdoors,Square
8617,44.653655,88.558437,Transport,Underground
8618,-69.187963,2.229256,Outdoors,Square
8619,-86.695507,-146.527409,Outdoors,Field
8620,22.472114,-84.264608,Transport,Underground
8621,64.10205,-62.830576,Indoors,Shop
8622,-51.438554,-133.717894,Indoors,Museum
8623,83.36437,45.67499,Transport,Bus
8624,-76.864071,80.713197,Outdoors,Park
8625,25.770719,11.40959,Transport,Taxi
8626,32.550152,-134.511404,Outdoors,Lake
8627,8.68218,97.724814,Outdoors,River
8628,-9.700437,-10.620995,Outdoors,Garden
8629,-74.635502,17.482019,Indoors,Museum
8630,77.284961,4.513596,Indoors,University
8631,-18.323473,67.224572,Indoors,House
8632,19.838641,111.767144,Transport,Underground
8633,-25.450168,91.825748,Outdoors,Street
8634,-23.178568,143.015,Outdoors,Garden
8635,-11.874808,-173.421602,Outdoors,Field
8636,55.321875,7.692596,Indoors,Museum
8637,-25.813961,80.963233,Transport,Car
8638,-27.223088,-85.578434,Transport,Bus
8639,-22.255524,61.950509,Transport,Underground
8640,27.446045,141.316539,Transport,Car
8641,11.199135,-23.236287,Indoors,Bank
8642,-89.718478,168.066116,Indoors,Bank
8643,-8.814367,-60.911252,Outdoors,Pond
8644,53.233327,-83.015704,Indoors,House
8645,-21.786488,-26.589489,Outdoors,Pond
8646,70.087415,88.01006,Indoors,House
8647,61.179168,-21.773482,Transport,Underground
8648,8.460068,53.057461,Transport,Car
8649,-79.778559,-166.610824,Indoors,Flat
8650,12.97544,137.495594,Indoors,Bank
8651,-49.516811,-178.613786,Outdoors,Forest
8652,62.303477,167.833405,Indoors,Flat
8653,69.281074,150.169543,Indoors,Bank
8654,58.742713,6.634432,Outdoors,Field
8655,-25.026772,172.189917,Indoors,Flat
8656,60.495157,-37.652082,Indoors,Shop
8657,-20.920454,-32.159224,Outdoors,River
8658,10.547362,154.798259,Indoors,University
8659,-3.817237,142.715399,Indoors,Museum
8660,29.776523,103.062236,Indoors,University
8661,-11.820652,48.757643,Outdoors,Field
8662,5.800707,-130.599127,Indoors,Museum
8663,-33.673175,-146.940311,Outdoors,River
8664,19.6846,-50.525919,Indoors,Shop
8665,20.144159,-132.985521,Indoors,Museum
8666,-8.154751,99.517207,Outdoors,Lake
8667,-4.202495,-146.356352,Indoors,Bank
8668,-26.536749,-116.895037,Transport,Car
8669,-28.43604,32.245124,Transport,Taxi
8670,50.785871,-173.778638,Outdoors,Street
8671,57.609594,-85.012257,Indoors,Flat
8672,27.110506,24.740339,Transport,Underground
8673,34.247383,122.105837,Outdoors,Street
8674,40.248534,0.848333,Outdoors,Park
8675,58.629542,119.209421,Outdoors,River
8676,-35.108171,54.244174,Outdoors,Pond
8677,40.747786,-55.749128,Transport,Car
8678,-65.186433,25.561324,Outdoors,Pond
8679,-6.566976,38.738491,Transport,Underground
8680,10.019636,-136.709619,Indoors,House
8681,44.92415,-51.190837,Indoors,Flat
8682,78.235583,8.833187,Indoors,Flat
8683,-55.846776,-11.076058,Transport,Underground
8684,84.203745,-179.524187,Transport,Taxi
8685,-30.583712,62.238698,Transport,Car
8686,25.917052,23.506261,Outdoors,Pond
8687,66.258001,167.086926,Outdoors,Park
8688,-52.296171,86.629725,Indoors,House
8689,68.228874,-21.169164,Indoors,Shop
8690,-33.401525,-145.975762,Indoors,Office
8691,9.880926,111.493516,Indoors,Office
8692,-16.795757,99.019803,Outdoors,Park
8693,12.493337,143.950328,Indoors,Office
8694,-46.648987,-122.907759,Outdoors,Garden
8695,37.672759,95.237651,Outdoors,River
8696,61.708099,46.821605,Outdoors,Park
8697,87.145193,-173.363617,Outdoors,River
8698,-84.022398,-174.568406,Indoors,Office
8699,4.011548,-165.919409,Indoors,Office
8700,73.564588,-65.675794,Indoors,Museum
8701,-10.879051,11.488906,Transport,Car
8702,63.301263,-147.188434,Outdoors,Square
8703,-10.571599,129.419791,Indoors,University
8704,-31.764613,-116.13477,Outdoors,Pond
8705,-10.55979,110.469068,Transport,Underground
8706,3.659111,137.936239,Outdoors,Forest
8707,14.379663,84.013524,Indoors,University
8708,16.028617,-45.171084,Outdoors,Forest
8709,-80.51265,110.176828,Transport,Car
8710,12.63339,-73.851735,Outdoors,Garden
8711,-0.058323,-27.744959,Outdoors,Park
8712,-86.500294,11.725294,Transport,Bus
8713,-71.164406,34.623683,Outdoors,Street
8714,29.55504,139.128018,Outdoors,Square
8715,61.700823,-174.617747,Outdoors,Forest
8716,70.625664,-18.566196,Indoors,Shop
8717,49.096832,98.994195,Outdoors,River
8718,-18.138331,91.950437,Transport,Bus
8719,-57.787779,139.343842,Indoors,Office
8720,19.444019,-6.351535,Outdoors,Pond
8721,20.264956,-140.19467,Outdoors,Street
8722,63.685369,90.610175,Indoors,Shop
8723,11.651653,-117.343563,Indoors,House
8724,-32.327472,129.023209,Indoors,Office
8725,-5.875669,104.104048,Indoors,Flat
8726,-4.44578,-137.243212,Transport,Bus
8727,-40.085603,64.451903,Indoors,Flat
8728,19.356027,-164.494495,Outdoors,Lake
8729,-41.342506,179.961767,Outdoors,Square
8730,-63.36165,-33.505644,Outdoors,Forest
8731,-45.062944,19.827793,Indoors,Bank
8732,32.364952,-11.373798,Outdoors,Street
8733,-58.43721,-20.178354,Outdoors,Lake
8734,-16.407301,-7.341112,Outdoors,Field
8735,29.603856,83.661751,Outdoors,Pond
8736,-51.674746,-2.027181,Outdoors,Garden
8737,-42.12898,-6.819591,Outdoors,River
8738,8.815924,-27.971684,Indoors,Shop
8739,88.947604,120.047346,Outdoors,Square
8740,55.933906,-86.974531,Outdoors,Park
8741,37.543495,55.684647,Indoors,University
8742,-37.170159,-174.500483,Indoors,Bank
8743,60.344363,87.822067,Indoors,Bank
8744,-33.108802,-57.762261,Outdoors,River
8745,-6.141996,93.906381,Indoors,Museum
8746,-6.225587,-58.877446,Outdoors,Forest
8747,-50.503429,-81.156888,Indoors,House
8748,75.158987,-115.995225,Indoors,Bank
8749,62.631206,-3.390733,Indoors,Museum
8750,-72.192952,-175.223556,Indoors,House
8751,71.410207,-79.400633,Outdoors,Pond
8752,64.118416,40.580365,Outdoors,Lake
8753,40.250556,-162.690112,Outdoors,Park
8754,-80.17358,-46.260072,Indoors,Office
8755,31.020201,148.551646,Outdoors,River
8756,13.199691,88.263671,Outdoors,Garden
8757,40.815259,-7.199477,Outdoors,Field
8758,32.79244,-94.756081,Outdoors,Park
8759,72.062385,-32.845754,Outdoors,Park
8760,48.426429,67.245165,Indoors,Shop
8761,20.693483,63.089725,Indoors,Bank
8762,37.469189,134.59585,Outdoors,Lake
8763,-45.51561,-29.289113,Indoors,Shop
8764,52.634449,-112.469589,Outdoors,Square
8765,-6.794243,117.176289,Transport,Taxi
8766,5.386123,128.220014,Transport,Bus
8767,-70.212873,9.031471,Indoors,Office
8768,-67.60259,-125.351524,Indoors,Shop
8769,13.453708,92.403023,Indoors,Bank
8770,-56.074217,-143.17278,Transport,Bus
8771,-56.232827,83.317989,Outdoors,Garden
8772,65.221148,-154.206972,Transport,Car
8773,-66.7115,10.262636,Indoors,Office
8774,-49.501562,-102.806336,Indoors,University
8775,-38.820378,-151.62586,Outdoors,Garden
8776,55.713455,-4.12,Transport,Bus
8777,75.306569,74.393176,Outdoors,Pond
8778,77.07577,-150.754593,Transport,Underground
8779,66.784781,16.431997,Indoors,Shop
8780,-60.94874,-61.336281,Transport,Bus
8781,-71.478541,-34.579138,Outdoors,River
8782,60.727062,-119.36501,Outdoors,Lake
8783,76.929409,82.951155,Transport,Bus
8784,-86.327508,-138.231442,Indoors,University
8785,29.559195,13.857913,Indoors,Flat
8786,73.339343,-20.91205,Outdoors,Street
8787,87.421622,37.253038,Indoors,Bank
8788,-0.080231,150.473291,Indoors,Bank
8789,79.311254,-87.500188,Outdoors,Garden
8790,-79.185905,108.505552,Transport,Car
8791,-69.601532,-27.68465,Outdoors,Pond
8792,21.098663,176.676679,Outdoors,Garden
8793,-89.227597,-124.275503,Indoors,Flat
8794,53.046133,-57.905623,Outdoors,Field
8795,-19.700692,148.960245,Outdoors,Street
8796,60.73805,-117.129897,Indoors,Flat
8797,-6.472443,-173.545325,Outdoors,Park
8798,-8.706054,-38.260015,Transport,Underground
8799,-18.380932,-2.789331,Indoors,House
8800,72.720812,25.567651,Transport,Taxi
8801,-36.595426,-80.385567,Transport,Bus
8802,-10.982639,115.243291,Outdoors,Street
8803,-51.847422,26.903539,Indoors,Flat
8804,-33.926374,177.987013,Outdoors,Lake
8805,-44.923424,172.148611,Indoors,Flat
8806,-72.256967,94.255569,Outdoors,Square
8807,7.92901,19.959173,Outdoors,Forest
8808,27.707858,112.057577,Outdoors,River
8809,48.538744,0.550854,Outdoors,Park
8810,13.446288,-93.936739,Indoors,University
8811,-0.996827,-113.723917,Transport,Underground
8812,-26.317023,-4.080147,Indoors,Shop
8813,-28.449092,-83.547969,Indoors,Office
8814,43.369148,145.136099,Indoors,Bank
8815,12.587481,12.444044,Outdoors,Street
8816,-62.445817,-172.516477,Indoors,University
8817,-25.306766,137.264153,Indoors,Bank
8818,-71.706885,-89.203947,Indoors,House
8819,-31.316974,-8.052631,Transport,Underground
8820,-33.24628,-117.173728,Transport,Bus
8821,47.270646,79.071108,Transport,Underground
8822,54.84626,-47.741947,Indoors,University
8823,-32.987908,-79.248272,Indoors,Flat
8824,44.974598,-27.256468,Transport,Bus
8825,-17.156631,98.093703,Indoors,Bank
8826,29.66511,48.89705,Outdoors,Lake
8827,-41.174719,-51.89997,Indoors,University
8828,-68.283926,179.538219,Indoors,Flat
8829,-61.887338,-153.374528,Indoors,Museum
8830,77.717906,-22.286286,Outdoors,Square
8831,-21.424331,-73.545928,Outdoors,Square
8832,88.967829,33.904195,Indoors,House
8833,-76.346954,-134.423113,Indoors,University
8834,44.650143,37.785461,Outdoors,Square
8835,86.796936,-13.783625,Indoors,Shop
8836,87.916583,-21.86424,Outdoors,River
8837,-88.891408,163.429007,Transport,Car
8838,-19.060168,55.286205,Outdoors,Field
8839,-3.718144,15.278442,Indoors,Shop
8840,44.271492,-38.276541,Indoors,Flat
8841,-74.215016,73.779453,Outdoors,Park
8842,-18.193274,-93.930156,Indoors,University
8843,41.91557,23.79572,Indoors,Flat
8844,-88.504756,-23.243663,Outdoors,Field
8845,-70.114008,-175.525211,Outdoors,Lake
8846,53.761301,30.853912,Transport,Bus
8847,-89.854371,-103.634399,Transport,Bus
8848,86.230248,15.334649,Transport,Taxi
8849,33.729351,-89.114572,Outdoors,Square
8850,-28.933267,127.504426,Indoors,Shop
8851,-6.895928,50.428522,Transport,Bus
8852,-62.645097,17.284597,Indoors,Flat
8853,-36.10566,132.486366,Indoors,Museum
8854,48.613912,35.713236,Indoors,Office
8855,3.441286,152.666678,Indoors,Bank
8856,-82.439306,92.134344,Indoors,Office
8857,36.440569,100.68139,Indoors,Bank
8858,43.450421,8.925234,Transport,Underground
8859,18.200814,-76.455989,Indoors,Flat
8860,29.840399,-37.961568,Indoors,Office
8861,-0.66428,-105.056916,Indoors,Shop
8862,49.290244,11.900121,Indoors,Bank
8863,33.785101,178.687079,Indoors,Flat
8864,37.063597,159.859221,Indoors,Museum
8865,67.935349,-18.836969,Indoors,Flat
8866,-16.803669,178.407883,Outdoors,Forest
8867,1.646711,115.036336,Indoors,Flat
8868,-59.593598,162.100637,Transport,Underground
8869,-42.794253,-175.880814,Transport,Car
8870,-72.223522,-154.626612,Outdoors,Park
8871,28.288376,-6.429681,Outdoors,Square
8872,63.918338,-60.894325,Outdoors,Forest
8873,-39.553875,139.934129,Transport,Underground
8874,88.99209,-75.537344,Transport,Bus
8875,25.052025,-19.280921,Indoors,Museum
8876,20.592684,172.637586,Outdoors,Pond
8877,-47.262278,43.864409,Outdoors,Garden
8878,-25.078368,-121.335906,Transport,Bus
8879,12.549968,-85.685826,Transport,Taxi
8880,-9.323398,143.287573,Transport,Taxi
8881,48.267264,-113.78216,Transport,Taxi
8882,-62.854886,-59.377312,Indoors,Flat
8883,86.579766,-15.980764,Outdoors,Street
8884,-22.92409,26.977824,Outdoors,Pond
8885,5.158817,104.734155,Transport,Taxi
8886,44.966574,147.512369,Outdoors,Pond
8887,89.5491,-52.79927,Outdoors,Field
8888,-2.945196,83.429022,Transport,Car
8889,-25.550882,-28.628474,Indoors,University
8890,52.367188,167.487828,Transport,Bus
8891,3.10201,164.515782,Outdoors,Lake
8892,-17.017708,-7.933252,Outdoors,Forest
8893,-21.258212,114.888975,Indoors,Museum
8894,-65.507113,-129.615134,Outdoors,Forest
8895,-79.108577,158.818951,Outdoors,Square
8896,18.550511,25.458907,Indoors,Shop
8897,-78.289824,-147.61235,Indoors,Office
8898,-75.014633,160.12161,Transport,Bus
8899,31.223691,29.971469,Indoors,House
8900,-8.681021,61.710926,Outdoors,Lake
8901,-21.521208,135.27886,Indoors,Flat
8902,-7.721401,-28.81521,Transport,Underground
8903,26.724635,-124.573042,Outdoors,River
8904,-62.414339,-77.804373,Indoors,House
8905,-31.243395,-23.376218,Transport,Taxi
8906,-1.509863,120.088333,Indoors,Office
8907,-45.233305,-2.054908,Outdoors,Lake
8908,79.285514,72.603012,Outdoors,Garden
8909,32.705611,77.991282,Transport,Car
8910,20.219374,123.842635,Indoors,University
8911,63.850583,-179.626124,Transport,Car
8912,-86.112532,128.933704,Indoors,Bank
8913,-42.612948,-122.914078,Indoors,Office
8914,-16.073327,88.115757,Transport,Underground
8915,-50.138064,-42.176879,Outdoors,Garden
8916,-89.837983,82.761613,Outdoors,Street
8917,64.369554,-156.554192,Outdoors,Square
8918,-40.329871,-100.750958,Outdoors,Street
8919,82.917759,-148.004703,Outdoors,Park
8920,-2.297014,35.55964,Outdoors,Forest
8921,69.784684,51.394246,Transport,Underground
8922,-53.500393,61.599115,Outdoors,River
8923,44.600301,-140.412718,Outdoors,Street
8924,32.396734,-153.360465,Indoors,Shop
8925,-61.89225,72.704493,Indoors,Office
8926,71.107415,171.69714,Indoors,House
8927,-52.102606,125.071816,Outdoors,Park
8928,-89.79091,129.7898,Indoors,Shop
8929,-59.898585,-131.836305,Indoors,Museum
8930,59.91343,-110.620963,Outdoors,Lake
8931,40.544352,129.954717,Outdoors,Lake
8932,59.64068,-94.885185,Transport,Underground
8933,-68.3539,128.633194,Transport,Taxi
8934,-1.952471,-159.965822,Transport,Car
8935,69.578659,-63.340317,Indoors,Flat
8936,44.605142,-169.088599,Indoors,Flat
8937,-59.016266,137.108486,Transport,Taxi
8938,3.250711,85.164661,Indoors,Museum
8939,82.57168,-141.146441,Indoors,Office
8940,-3.585679,-52.730353,Outdoors,River
8941,70.696681,-53.479087,Indoors,Shop
8942,35.744794,-161.029915,Outdoors,Street
8943,53.741228,118.99122,Indoors,Bank
8944,18.88106,17.502143,Outdoors,Street
8945,61.359964,-26.123095,Outdoors,Forest
8946,43.093499,-143.185985,Outdoors,Square
8947,-53.833095,-137.230509,Outdoors,Street
8948,28.882792,58.134324,Indoors,University
8949,68.849585,137.921933,Outdoors,Park
8950,-64.340576,-50.854821,Indoors,Office
8951,-39.154389,103.57458,Outdoors,Lake
8952,34.54757,63.897175,Indoors,Flat
8953,68.347913,61.13622,Indoors,Museum
8954,-9.611463,-58.832929,Indoors,University
8955,-27.158182,49.598193,Indoors,Shop
8956,3.812015,152.975351,Outdoors,River
8957,80.468114,-118.817747,Transport,Bus
8958,-23.462858,-144.792249,Indoors,House
8959,-80.115623,-9.536982,Indoors,University
8960,-39.705001,-120.903387,Indoors,Office
8961,-58.047892,111.994092,Transport,Taxi
8962,66.76493,-36.649005,Indoors,Shop
8963,3.992926,-43.275509,Indoors,Museum
8964,16.538474,19.48692,Indoors,Flat
8965,86.126161,79.408464,Indoors,Shop
8966,76.831487,-137.607728,Indoors,Office
8967,3.595061,-33.237579,Outdoors,Field
8968,3.95924,11.326738,Indoors,Bank
8969,63.725959,133.100644,Transport,Car
8970,-20.22746,-21.562529,Indoors,House
8971,-16.294831,96.695233,Indoors,University
8972,-31.832575,-108.371858,Indoors,Shop
8973,-11.460627,-67.308706,Outdoors,Forest
8974,-84.378257,29.315637,Indoors,Flat
8975,-37.973021,95.713739,Outdoors,Park
8976,63.177082,150.914075,Transport,Bus
8977,-83.661221,128.806583,Indoors,University
8978,81.425894,-56.568198,Transport,Car
8979,-43.686486,39.852143,Indoors,Bank
8980,-55.053965,-124.873174,Transport,Car
8981,-32.054598,157.429839,Transport,Taxi
8982,-18.954728,-143.269633,Outdoors,Pond
8983,-20.022585,-25.387607,Indoors,Office
8984,41.722776,145.016197,Transport,Taxi
8985,-43.080907,124.554265,Outdoors,Garden
8986,-74.211911,95.088858,Transport,Taxi
8987,20.636153,70.560772,Outdoors,Pond
8988,70.61338,16.05852,Outdoors,Forest
8989,11.689797,114.793737,Indoors,Shop
8990,6.432218,4.82684,Indoors,Flat
8991,38.768721,19.459964,Outdoors,Park
8992,47.488938,-2.353017,Indoors,House
8993,47.859304,-82.227959,Outdoors,Square
8994,30.40984,-142.886349,Outdoors,Park
8995,-85.284939,-26.221003,Transport,Underground
8996,-78.477993,22.804077,Outdoors,Lake
8997,-86.578806,78.850135,Outdoors,Garden
8998,32.868118,15.67187,Indoors,Flat
8999,44.034048,-175.433515,Indoors,University
9000,85.056922,179.139398,Indoors,Museum
